-- phpMyAdmin SQL Dump
-- version 5.2.1
-- https://www.phpmyadmin.net/
--
-- Host: 127.0.0.1
-- Generation Time: Sty 23, 2025 at 10:32 PM
-- Wersja serwera: 10.4.32-MariaDB
-- Wersja PHP: 8.2.12

SET SQL_MODE = "NO_AUTO_VALUE_ON_ZERO";
START TRANSACTION;
SET time_zone = "+00:00";


/*!40101 SET @OLD_CHARACTER_SET_CLIENT=@@CHARACTER_SET_CLIENT */;
/*!40101 SET @OLD_CHARACTER_SET_RESULTS=@@CHARACTER_SET_RESULTS */;
/*!40101 SET @OLD_COLLATION_CONNECTION=@@COLLATION_CONNECTION */;
/*!40101 SET NAMES utf8mb4 */;

--
-- Database: `projekt`
--

-- --------------------------------------------------------

--
-- Struktura tabeli dla tabeli `kategorie`
--

CREATE TABLE `kategorie` (
  `ID` int(11) NOT NULL,
  `e-mail` text NOT NULL,
  `Nazwa` varchar(30) NOT NULL
) ENGINE=InnoDB DEFAULT CHARSET=utf8mb4 COLLATE=utf8mb4_polish_ci;

--
-- Dumping data for table `kategorie`
--

INSERT INTO `kategorie` (`ID`, `e-mail`, `Nazwa`) VALUES
(1, 'thefajka@gmail.com', 'SBD'),
(2, 'thefajka@gmail.com', 'PPAI'),
(3, 'thefajka@gmail.com', 'WiAI'),
(4, 'thefajka@gmail.com', 'Matematyka'),
(5, 'thefajka@gmail.com', 'siema'),
(6, 'asdasd@asdas.asd', 'Matma'),
(7, 'thefajka@gmail.com', 'sdfdfs'),
(8, 'thefajka@gmail.com', 'dasfdsafsdasdg');

-- --------------------------------------------------------

--
-- Struktura tabeli dla tabeli `konta`
--

CREATE TABLE `konta` (
  `ID` int(11) NOT NULL,
  `e-mail` varchar(100) NOT NULL,
  `haslo` varchar(128) DEFAULT NULL,
  `Imie` varchar(55) NOT NULL,
  `Nazwisko` varchar(55) NOT NULL,
  `typ` varchar(20) DEFAULT NULL
) ENGINE=InnoDB DEFAULT CHARSET=utf8mb4 COLLATE=utf8mb4_polish_ci;

--
-- Dumping data for table `konta`
--

INSERT INTO `konta` (`ID`, `e-mail`, `haslo`, `Imie`, `Nazwisko`, `typ`) VALUES
(1, '123@a.a', '04047f3b2c85f23c00d3141130f41fc0', 'Jan', 'Kowalski', 'Zdający'),
(2, 'asd@asd.asd', '6ec38e395c1247d59e024239e6546268', 'Janusz', 'Korwin', 'Egzaminator'),
(3, 'asd@sdaf.pl', '78b52b731ad785aae534f88346aba23bbb061563b4b98ac76e159531c9748782c1487e7052e4caad2eb3c986577ad17ee16adc0b553772e0bafbd3ed441bb78e', 'Zbigniew', 'Stonoga', 'Zdający'),
(4, 'asdasd@asdas.asd', '6ec38e395c1247d59e024239e6546268', 'nwm', 'nwm', 'Egzaminator'),
(5, 'thefajka@gmail.com', '78b52b731ad785aae534f88346aba23bbb061563b4b98ac76e159531c9748782c1487e7052e4caad2eb3c986577ad17ee16adc0b553772e0bafbd3ed441bb78e', 'Dawid', 'Borowski', 'Egzaminator'),
(6, 'zdajacy@z.pl', '5469ce5c7e7e8e406ef3b13a56f77d0d', 'Adam', 'Małysz', 'Zdający');

-- --------------------------------------------------------

--
-- Struktura tabeli dla tabeli `ocena`
--

CREATE TABLE `ocena` (
  `ID` int(11) NOT NULL,
  `testy_id` int(11) NOT NULL,
  `min_%` int(11) NOT NULL,
  `min_pkt` int(11) NOT NULL,
  `ocena` int(11) NOT NULL,
  `ocena_opis` text NOT NULL,
  `pkt_na_ocene` int(11) NOT NULL,
  `%_na_ocene` int(11) NOT NULL
) ENGINE=InnoDB DEFAULT CHARSET=utf8mb4 COLLATE=utf8mb4_polish_ci;

--
-- Dumping data for table `ocena`
--

INSERT INTO `ocena` (`ID`, `testy_id`, `min_%`, `min_pkt`, `ocena`, `ocena_opis`, `pkt_na_ocene`, `%_na_ocene`) VALUES
(1, 1, 50, 0, 0, '', 0, 0),
(2, 2, 75, 0, 0, '', 0, 0),
(3, 3, 50, 0, 0, '', 0, 0),
(4, 4, 50, 0, 0, '', 0, 0),
(5, 5, 50, 1, 0, '', 0, 0),
(6, 6, 50, 0, 0, '', 0, 0),
(7, 7, 50, 1, 0, '', 0, 0),
(8, 8, 50, 1, 0, '', 0, 0),
(9, 9, 50, 0, 0, '', 0, 0),
(10, 10, 50, 0, 0, '', 0, 0),
(11, 11, 50, 0, 0, '', 0, 0);

-- --------------------------------------------------------

--
-- Struktura tabeli dla tabeli `odpowiadanie`
--

CREATE TABLE `odpowiadanie` (
  `ID` int(11) NOT NULL,
  `testy_id` int(11) NOT NULL,
  `pytanie_id` int(11) NOT NULL,
  `odpowiedz_id` int(11) NOT NULL,
  `zdajacy_ID` int(11) NOT NULL
) ENGINE=InnoDB DEFAULT CHARSET=utf8mb4 COLLATE=utf8mb4_polish_ci;

--
-- Dumping data for table `odpowiadanie`
--

INSERT INTO `odpowiadanie` (`ID`, `testy_id`, `pytanie_id`, `odpowiedz_id`, `zdajacy_ID`) VALUES
(319, 1, 1, 4, 3),
(320, 1, 2, 6, 3),
(321, 1, 2, 8, 3),
(322, 1, 3, 9, 3),
(323, 4, 8, 32, 3),
(324, 2, 4, 12, 3),
(325, 2, 4, 15, 3),
(326, 2, 5, 17, 3),
(327, 2, 6, 20, 3),
(328, 2, 7, 22, 3),
(329, 2, 7, 25, 3);

-- --------------------------------------------------------

--
-- Struktura tabeli dla tabeli `odpowiedzi`
--

CREATE TABLE `odpowiedzi` (
  `ID` int(11) NOT NULL,
  `pytania_id` int(11) NOT NULL,
  `zawartosc` longtext NOT NULL,
  `numer` int(11) NOT NULL,
  `punkty` int(11) NOT NULL
) ENGINE=InnoDB DEFAULT CHARSET=utf8mb4 COLLATE=utf8mb4_polish_ci;

--
-- Dumping data for table `odpowiedzi`
--

INSERT INTO `odpowiedzi` (`ID`, `pytania_id`, `zawartosc`, `numer`, `punkty`) VALUES
(1, 1, '<p>3</p>', 1, 0),
(2, 1, '<p>5</p>', 2, 0),
(3, 1, '<p>1</p>', 3, 0),
(4, 1, '<p>4</p>', 4, 1),
(5, 2, '<p>2</p>', 1, 0),
(6, 2, '<p>4</p>', 2, 1),
(7, 2, '<p>5-1</p>', 3, 1),
(8, 2, '<p>5</p>', 4, 0),
(9, 3, '<p>2</p>', 1, 1),
(10, 3, '<p>3</p>', 2, 0),
(11, 3, '<p>4</p>', 3, 0),
(12, 4, '<p>10</p>', 1, 1),
(13, 4, '<p>123</p>', 2, 0),
(14, 4, '<p>43</p>', 3, 0),
(15, 4, '<p>10-5+5</p>', 4, 1),
(16, 5, '<p>20</p>', 1, 0),
(17, 5, '<p>100</p>', 2, 1),
(18, 5, '<p>8</p>', 3, 0),
(19, 5, '<p></p>', 4, 0),
(20, 6, '<p>Tak</p>', 1, 1),
(21, 6, '<p>Nie</p>', 2, 0),
(22, 7, '<p>81</p>', 1, 1),
(23, 7, '<p>9^2</p>', 2, 1),
(24, 7, '<p>2355</p>', 3, 0),
(25, 7, '<p>81</p>', 5, 1),
(26, 4, '<p>9^2</p>', 6, 0),
(27, 4, '<p>2355</p>', 7, 0),
(28, 5, '<p>hgjkghjkhg</p>', 1, 1),
(29, 5, '<p>hgjkghjkhggh</p>', 2, 0),
(30, 6, '<p>hgjkghjk</p>', 1, 1),
(31, 6, '<p>ghjkjghkgjhk</p>', 2, 1),
(32, 8, '<p>tak</p>', 1, 1),
(33, 8, '<p>nie</p>', 1, 0),
(34, 9, '<p>a</p>', 1, 1),
(35, 10, '<p>tak</p>', 1, 1),
(36, 10, '<p>nie</p>', 2, 0),
(37, 10, '<p>tak</p>', 3, 1),
(38, 11, '<p>2</p>', 1, 1),
(39, 11, '<p>1</p>', 1, 0),
(40, 12, '<p>a</p>', 1, 1),
(41, 12, '<p>b</p>', 2, 0),
(42, 12, '<p>a</p>', 3, 1),
(43, 13, '<p>ad</p>', 1, 1),
(44, 13, '<p>da</p>', 2, 0),
(45, 13, '<p>ad</p>', 3, 1),
(46, 14, '<p>daad</p>', 1, 1),
(47, 14, '<p>adad</p>', 1, 1),
(48, 14, '<p>fsasa</p>', 1, 1),
(49, 15, '<p>cc</p>', 1, 1),
(50, 15, '<p>c</p>', 2, 0),
(51, 15, '<p>cc</p>', 3, 1),
(52, 15, '<p>a</p>', 4, 0),
(53, 16, '<p>ca</p>', 1, 1),
(54, 16, '<p>ac</p>', 2, 0),
(55, 16, '<p>da</p>', 3, 0),
(56, 17, '<p>da</p>', 1, 1),
(57, 17, '<p>da</p>', 2, 1),
(58, 17, '<p>asd</p>', 3, 0),
(59, 17, '<p>sada</p>', 4, 0),
(60, 17, '<p>da</p>', 5, 1),
(61, 18, '<p>adsds</p>', 1, 1),
(62, 19, '<p>fsdfds</p>', 1, 1);

-- --------------------------------------------------------

--
-- Struktura tabeli dla tabeli `pytania`
--

CREATE TABLE `pytania` (
  `ID` int(11) NOT NULL,
  `testy_id` int(11) NOT NULL,
  `zawartosc` longtext NOT NULL,
  `numer` int(11) NOT NULL
) ENGINE=InnoDB DEFAULT CHARSET=utf8mb4 COLLATE=utf8mb4_polish_ci;

--
-- Dumping data for table `pytania`
--

INSERT INTO `pytania` (`ID`, `testy_id`, `zawartosc`, `numer`) VALUES
(1, 1, '<p>Ile to 2+2</p>', 1),
(2, 1, '<p>Ile to 2*2</p>', 2),
(3, 1, '<p>ile to 8-6</p>', 3),
(4, 2, '<p>Ile to 5+5</p>', 1),
(5, 2, '<p>ile to 10^2</p>', 2),
(6, 2, '<p>Czy 5! = 5*4*3*2*1?</p>', 3),
(7, 2, '<p>Ile to 10*10-9</p>', 4);
INSERT INTO `pytania` (`ID`, `testy_id`, `zawartosc`, `numer`) VALUES
(8, 4, '<p>czy mis jest gupi<br><img src=\"data:image/png;base64,iVBORw0KGgoAAAANSUhEUgAACAAAAAWoCAAAAAADVH6vAAAAAXNCSVQI5gpbmQAADqZ6VFh0UmF3IHByb2ZpbGUgdHlwZSBBUFAxAABYhe2Z244cNw6G7/0UeQSdST2OKFFBgMXuIu9/sR+r2/b4tAgWyN1OJ55xT3WVRP4nyp9+93/6n3/s3/7957/uH//wT7/xVUXapzbbLCulpOn1VVKqOeX4nuT91nh9H1MlNX7I7/f99V3fv+9cMerIwv/PG3Ftmq/7tNc1NdXCiw+v9PFeX1ZQv31/Kbd9lrVarKm83x8tffPFfaXWOkYebfSRecaorc6qfI+v9N9fr5s+N8rPXz+v6723vHinf33/vJ+f7bv397s2+t19yvt7VPbD/rx9+f0375+Vzsf9Nf3y+Z/+/d6j9/rzRltt0Nfx/CV/uSq/rzM+HSvrrK89r8rPr5/68xp0bNMPeb9uMl4z7ZzTzYVXfI+vmkfeWfje8sr9eU/5tfK3w+s+r5qllNJKyV4a1zvv+ZeV5PdT5Xmu81xNzjWNe7Xsf//r3mgae6Kmwv/rQUGJjsVO6WP8yVX0J+833PKH149fr4oWfhd70tdn68mvTgcyot9R6cOfH+8S+IjusPvUeXypUeVO+ShvH8GumWezmkZupYLzWnsdkqVF0S2f2kovO4qfpMzS23vl7Rdr/ebr87X5L117Qjn2U41XraJSqV5+52v2cTrF7XYaXa29dWs6zmjqtbU81vLmo/ZR0CDZ3W5bgKaf5TJbkqOr8mPL10DX5a4OhK6k2aVoKbfLsOnU746irr78SN0rVd+d+6z1/6teVyW75lo21Jy2wMetmoCRVEM1TUruU9Yt+5YmTURm3puOzDvuKZrrd01pWpd1dauLqySvlcx0ePfG5+vYa+pGhxUxguvgtuxyR7ajZ8K4CSmqoCnSykIRUt16p4KRennourX12065xrJSd6138MsAZ6vuuSzvrZ4kftKwQIaqytmldzZdlKJ8/TZzacNvHWkv6K37IjJSk0wf8/ad7+o57jHrNT7QdurGU4eYpua1gN60fHGj0RvCtz2t6YjGgo9nHD8LAiqWMHY67A1GnnMqwLddkOICIescrGjPle6or+LoRLMzmljZVr69S4gjnD1VHRUoMugL1Ilr9Byvj/50aD96z9vGzYvOpN31rtoehrQOEYVF31LU1l4X+aZxrE02mHBbiEnY79kDi9TtPFVkVNm3rnI8a8ddaRk7gqKhM3CclXvbdbhJcz+ZRiTbrevSyxKG6mht4il7bPSJpxfj8Vb7xqxGGeDlIF+oxM6bjtTM8670sVCbZJ5BC/DzkeeQMJvNj8Altz0Vd1Ap3orevTU7YAWr5aqw6eFDZm9D5zpqGvA8vXsZ3Xo6Bw2l5jppTuIhNKJws6f9KM4+sugaN9vRy9zP02JLm7rOwt6hk8WC8clzrh1hYY8apVxbgoJ98qR7tTxRIz4KtGeW5Tap75otgwrMVtD2rWeznTQpKa5nV/MpYaGjU6oT1S1pHtA2CikGnqyF/JEzUpfHsXmCrTnXvkfmKneNCfTtDD2ZLXQDcUCa1lwFDkW19ArDOw3AcaCttzuGVeh7uw81n6tfKbcl+wWnFBqG2h/qHeZv2habSz2DN7JILUPTKmjQLPX67Rdg9GDBjjWd0nczAElnsK4BCT0cv8oRS32udZv2Oc+GDGxDoMa+Gqab8kESJq3ksk4EKdElUUjZJu/feSE13nZnrt19TvCeh1Gk0arMmvzQ/ezKo1bNgOpcLxKAZEkyTqO1ERBLEnHQcVsuKIN0AA4z8tlH+0bwqILuXVybUOKM4MGpRXvv0uN4F4SY8PCUgj5UiMT69gyCq67L0nA5kEmUxcpn2bT5YtA0fFcXuRsRR9uQVHC7oSSSZcQFG3wOzdpgU5V1g/Ss2ygKnxG1WZEgRNLQz3XKIXS1zm74tNy1xjGCGvjclJRAnDWFcgDnBsQK9nyuwqzZ4UF0/hZwOS+WjXdj0HaACKZS0CICukn3OhQonRmS3w9MkXrCNZQHgG3vbM75OAgGMHYR31fZeG2oV3eZdVhinQmxQhFThbwgFsEao6EN8+4qoI7mWark2X0y7ZyZJ5sayQoG3DOhsAwpDTGFksStOXkUpDZZatXAdy3W59aqt3HbVKoQOtYxvbGriskBGCRhgAcjmPAcdiYE0OLxB3uAc9C1OpolDkbQm3VRawIQG1o3CIAMf8/KRyB/eDdBts+x5kOoWfmr1XHfr2aHcGFVxOLLhiSSXROTsNYdWZmmZwgJ40QzXWwVs1K6xZYh9QSxlE5IpOeuBrJENYEcOLamgZMNZIohiRlXmhg5F5BPN6qRwBi+cRr64Zh/RjRf+rB1bax/lULrQ+ZbiD4eADcxAc3tHqjDVFhLX9pLnywQ2acZG5JR/qnsZuOL0BV5h4N0gFqC6TWIIBlwhBl0RWxaZeP3VkcuUAG2iD/1rS32Oh2GjAtuMS52gXrboHeKH8UUuaFW9x2zzLFoGrUJjbhGPNnJoEcDUitsz0DDpWaV8DR8joMOMw+UcMock0JUlUfclQVlUAmAQEEIhD5VoIvkrLOMmEtOIWkRfzGmjSCt8IeKNCBsQI1ihRw6gF88icfanFyHh0zwjDls32LGIq4gzh3+ITB0DJGDrnInXgDr55KFUhKtoaewLSRS7brT7zv2JKRptj5iPQwkCwaRRjawU8tpITobc5mII4TiUeiitZASZPvxxRmNIiDgBsiFEDMcsSAJjD6TdSczoXsJc12jw3K7QMUbsJ+0DanEbqtlCW9zVRJCbcSNjVflTiJKmQCLYHXB+xG7so5kilOQU0vMDTMt4iRs7WeixHnjagQ4Xc7THIRwSWesoGvmAv2xsSeUsOaJMz8TMRKAz2NM6cmG60cTJPj85N1vrPEXxvjMkF+tsQyMNhrCSkEnI2G0E2ehsiTL4B+OiOgdGernTJIKGdg9JmES5bLLdE0WorpCvHT3sHiSE1CKobo+5y/4htmGNGYRDfczaQpOwzYGxa97ViRNBwsYg+wHOcjX6CejJS5sIXPoD0jBmDwZRMMWmOvHcwpQ7eLqrIO6SiOpLFZBkFYg0UedyAqwLSMxlzJlWMKS6hpjYrQFLWGLEi/s9SRiM8mVLHtRHAzoEoE7sscObVCHo3T0ZKaFCA2hSYCUKAwFbqTa3Zw4fUjR6wxgbbReYkDGjwCd02XAhC13BhFYhbqjaovKDWwatmFyZV4mkBoEvGQECGQYIcEWD8prWFuBwjNkIWjkZvKj11CLSM8EPqBRLbyTGKYUY2yczg9PzBHFbyR+3K0hNgkfxZl3yGcmGQBRDKXwFk7DWIB/joGUA9sZuEMGZ2g6dMdzWXkjP0xnXEYriRseW8pCgGaYIzIAvUHsIVYragrYWHMvvjo+o3hHYcqhrvOYNUrHwgshiGVbHuQCBO+OGQcR1BjuMwIUXKxjzJcnoEg4UQdXZFDKTkUHwJNOCaiHhzk38nvFb8mtaPq6xDb8DRB0tD8MC3omN4faC/QgswvWozhsHbwwJkISPPfKGCQpZNbjqKg62ZVux1EMZdAYMPBk2sWUsOk2Eb6DTIY5nucx6LASZbFld9Rj0iy2SpsTWRHQHd38hgWOGm4a4YCR7OphomF8CFv1wqBIjYg8PfwrJqm/XSPcw+oy96MSKKwyPLYdh3+Mn4R4hGN1AnyYDdhOK8Sd6TEh0YTpiqiuyPWIMRjBGNRCSZMWTI6b57OebjmZzntvpN0LdmscyxUWbMQzMnRgG2PNDDMqe0UfiaM9IidXof7h+Rj5FSNanhhz6ChkitgM09lo+CF+6oAZpYL5JExqi3iN2ZnxCgDCy5lFn+XMcOEFSKkSIYOtQSp83RmQIvdVGr3EHkMkPdcbWZLcE4dMmPneEcPgDa5M9jZmZiE6tsocNMXjHJrckHkG/oke4lLMWuGXBa9DW9UC/Yx2mOyMKFIibxziGdMMhjrJWycOJZkt4G9E5gB7xld3P5Jw+7UhxHOcGSGc70woIM8YpVu0qaNn+P0IF8Xxyw56ciHQb3ECAuqTxzEMALQI2xVphNSFyGolTkMQcxK14aNIEqxBdFADRAjbqHuFeoVtEoHGak/kW8KkSOcPUwWsx2Ivm0c0E/MfgMGBqMGJYQBNsMpc4OgfRENgnhNXJJX+oND49CEEMl7FtQwuBAIsFxHLSB6BkvB1CBHsIAbTHMvE8nsFsnC1G0YDUY14ClV6DJ2bkYHcVhhHBy5CiKbQEmcRRLAZUhlPoeGpYYZ6GXrRiAiXHo9mX7h/LpmbMy1gQYZOrq9HPf8bVf/ypJtbzOCUn+Q5vT3jKfQ50A4bIGAoRgmfmXDgwXPnuFunXWgLH8w0mOJHX4gmaCNSx9C3a/wjSY0QRIwSAThxvg+lmWUIh8r9Yja9FxAcC6fJIDjOODBIukR673R/lwsfc+Fa5r7piGLqbPKgv4dgzoNRb+EG4CTcnxUgEnADjyP/UpjMkkYcM0342OK4o2wCYRy/KCPhXvEfWQDDBtAMJ9qRGOCFhJFnJ/jPFSOEHHAV5wpxNfwxEfPaa2qgvDERTMhLciCfQw5CTkyNLPNIc4aG9pwqjkEkrxk7jJMz929P9v56u7Nj0oXszCR/qPEIE+yTOWSCK7gz4s+14qDJWhzP7QhWEoenRFbv2ddx5Iq4GQ9P/Iw2FeWBFxVCK8PFe5yRChrN0pnrnlXinbRlB7QtBIVW/eKmtZDxiMPWcAA0ow+GHBiEGJ6Cs8UcrICRwktfQuze7MIZYOaD3JhUmBmYb4O65nGKmkkWTLjnehyDMUE1WzQHcWWYjygS/+TCsMBkfJ9/fEOUNgQjWlIdAycIIYoXZwg40LOjiKWMR1gxJnXYdoTruGgy+aS4ajB/W5zi5t2OVBbQWLUwhaE8wg4zyiae7YTLCq7MAB3/CDSwahSCgQftJ2eMS01raMoWpkmW8ZxP5Hm6MLjEmWaM0zETU/NXwUn3P5b3J/0KOv+kZz/rF4v8Sc8iocVgRJTCSLEg7u0wKFQqM3aRuPlFmZ39sDAhYKGq92kKsWV++g/QDtlha5VAkwAAIABJREFUeJzs3XdgE2UfB/BvkqalpYyy9957772nsgRlbzeobGQoiiggiiiCArKEV1SGgCwZZa+yV9l7ld2W0qbJvX9kt0kzesklue/nH5577rm7H9Dmfrl7hkIAERERyY1S6gCIiIjI+5gAEBERyRATACIiIhliAkBERCRDTACIiIhkiAkAERGRDDEBICIikiEmAERERDLEBICIiEiGmAAQERHJEBMAIiIiGWICQEREJENMAIiIiGSICQAREZEMMQEgIiKSISYAREREMsQEgIiISIaYABAREckQEwAiIiIZYgJAREQkQ0wAiIiIZIgJABERkQwxASAiIpIhJgBEREQyxASAiIhIhpgAEBERyRATACIiIhliAkBERCRDTACIiIhkiAkAERGRDDEBICIikqEgx03WxSk8HwcRERGJRAh/3YlGDnXyfKREREQknk6O7+6OEoD9zd+MkPqvQURERK6I6LAuvQnATqn/DkREROSy3x0lAI46AfL1PxERkf9xeP92ohMggD7Nk9MdChEREXle0PZlTjVz6mRN+6UrFiIiIvIWnVMJgHPzAGjTFQkRERF5jXM3bU4EREREJENMAIiIiGSICQAREZEMMQEgIiKSISYAREREMsQEgIiISIaYABAREckQEwAiIiIZYgJAREQkQ0wAiIiIZIgJABERkQwxASAiIpIhJgBEREQyxASAiIhIhpgAEBERyRATACIiIhliAkBERCRDTACIiIhkiAkAERGRDDEBICIikiEmAERERDLEBICIiEiGmAAQERHJEBMAIiIiGWICQEREJENMAIiIiGSICQAREZEMMQEgIiKSISYAREREMsQEgIiISIaYABAREckQEwAiIiIZYgJAREQkQ0wAiIiIZIgJABERkQwxASAiIpIhJgBEREQyxASAiIhIhpgAEBERyRATACIiIhliAkBERCRDTACIiIhkiAkAERGRDDEBICIikiEmAERERDLEBICIiEiGmAAQERHJEBMAIiIiGWICQEREJENMAIiIiGSICQAREZEMMQEgIiKSISYAREREMsQEgIiISIaYABAREckQEwAiIiIZYgJAREQkQ0wAiIiIZIgJABERkQwxASAiIpIhJgBEREQyxASAiIhIhpgAEBERyRATACIiIhliAkBERCRDTACIiIhkiAkAERGRDDEBICIikiEmAERERDLEBICIiEiGmAAQERHJEBMAIiIiGWICQEREJENMAIiIiGSICQAREZEMMQEgIiKSISYAREREMsQEgIiISIaYABAREckQEwAiIiIZYgJAREQkQ0wAiIiIZIgJABERkQwxASAiIpIhJgBEREQyxASAiIhIhpgAEBERyRATACIiIhliAkBERCRDTACIiIhkiAkAERGRDDEBICIikiEmAERERDLEBICIiEiGmAAQERHJEBMAIiIiGWICQEREJENMAIiIiGSICQAREZEMMQEgIiKSISYAREREMsQEgIiISIaYABAREckQEwAiIiIZYgJAREQkQ0wAiIiIZIgJABERkQwxASAiIpIhJgBEREQyxASAiIhIhpgAEBERyRATACIiIhliAkBERCRDTACIiIhkiAkAERGRDDEBICIikiEmAERERDLEBICIiEiGmAAQERHJEBMAIiIiGWICQEREJENMAIiIiGSICQAREZEMMQEgIiKSISYAREREMsQEgIiISIaYABAREckQEwAiIiIZYgJAREQkQ0wAiIiIZChI6gCIiIjsu62VOgLnCRFZpA7BBUwAiIjIh/WOlDoCF2xuLXUELmACQEREvuv4c6kjcMXhpMaZpY7BaUwAiIjId605IXUErpiEW0wAiIiI0i8EGP65RuoonKK4XwFQSB2F85gAEBGRT8voLz3rkqUOwDUcBkhERD5NkDoAZ/lNoHpMAIiIiGSICQAREZEMMQEgIiKSISYAREREMsQEgIiISIaYABAREckQEwAiIiIZYgJAREQkQ0wAiIiIZIgJABERkQwxASAiIpIhLgZERET+JXJ1SHKFgQAwPAQAhNApVvufj84qAMCrbo2WH8z4jb4ysdfbLfHzZRUACLpvcW5uGIDEbg3NxyW/lxXAqx+AA3NnZwMALDkZBMSNLAY8+CyzAAAJ/WoAeD4mM6DLMdaDf0uPYwJARET+JLoMAODDNa2AHwx1G45vbWluof3FUGiA3pt+MiQAGb5qCZycb9jzLeJ+AgD8gKtFDXWvRd0FACTNw5Pl3wIAVvQHALwHQDPP0KwDAE1W/fn9OgHgKwAiIvInqoIXBEGIe/lMADBaEARBENTNW/1n2WaTvro7UAFdAQAKFACggn6HAChwXRAE4TyKxQAAhB7rh+r3aQElFACwslcpQRCEnfpb5V797taAJhgbBUEQCnnxry0+PgEgIiJ/UuImAGS8UrxwbUCjrzsUM6zltSLmNkmm0jgcfpEZeIzfe6Y8USIAlNncRgkA8V+umjxZX/+rscGRngPnAECTlCcNwz/tAOD39P5dJMUnAERE5Ic0Vt9gcw7DiWSb7cat/eQBMAyp7v+m8wAAdnz9/WcpdwVhQpjNY+p36uhCpL6KCQAREfmhFA+wi4/vHG+74d8L9+Pcih1pn+fBAfRNtUuLDUmpKgHg6umTTkbpy5gAEBGR/4ldAKtv/Llq6F/b61lmBy2wbVmvyKZ2znNnFXQAbkxblynVvjKzhk2z2FSbSpFX+hxzPWRfwz4ARETkf3Rf/1rNqkJrufHrXh2Q1LAzAGTa0/BnVNLXKzAhGcCT+QoAIQAe99u+KwcAJcqmvh+GfxA7+WmRj4ybP/6rAxLbtgKKXinepucn/t0FkAkAERH5o6zfDk5j79q1AJAbAKBocKDuJf2wPSgwFQAwTwGgXahO9eTqf431u3Q2TqP+dJICs2d11m/9AQAoDwDFkqNq/3k3WZW+v4PE+AqAiIj8jFBd8d0nKeqsbmf6YYBj9BvH66LkTX1RZxgGqASAgsWKZxkoNLN1vJEKQo1SXdbqN/TDAPV5h6rWwcoI0to6xm8wASAiIv8SP+DY9x+lqEu4D8G8Zdl373m1LjPbFrZxmnmr/tx8XrEHAKDDLVuPAAAcWfVm503alCcFav+7FkHPXIzcpzABICIiv/J8bJnfhqesjHp/Wojt5oebfDWiFY6n3pEEBP084swrAMj3fnN7N/Mss4e1i7G14/UNhhcKfooJABER+ZMXn+X9qH/Kytjd6JnBZvPNrTqWRruy1Q7b3Jvpzfd/SQBQoA022rtgrtcsBxhYaI9wJ+L1WUwAiIjIj8ROyP9Rqlt90pefLs5lu33bmj2BUlsx1/bu0j8MTwKA+p/2tdMCdm7/fo+jAIhs+WOzVXL8Q0apAvGeOxMtPuUSW1lMivL5dfRplvoAmXm+o7PV9plvlVgoUSzyljBnu8X0fPqx+aMTfpzf27JLvnnI/gLsCAdQAEs6dbJ1ukwF8cESJRCRE+8r3gUATJlk2Bc9bWp+ANen6ocIBJsOmho8CgBm4Xl6/zZSYgJAZMuxryPMHYrUozUShuIt8fUGWMyrYpH/fP6ZcO6g9+PxMQrMt9q+UnFPg9wSxSJ7fQrpe98fuVEI0/ckA+r9mD7UqsnAIloAl5d2mP+O4TF9Ysg1ADrU1wDQJpwzdRnsNGPUMgB4f7jivWXJgHC09iQIEAC8WLKklgDlIUTlBYCe+bQAjm1vjAlYkwwEHSg3ywt/XY9hAkBkizI02GIrVLI4vClUZXNQs3BAQIYAfQTqtGT18C9+s6y4VGpfPeSRKhx5U9XNZ+ivr1CiTUYdAF1/q/8dKOvk1wFAJjWCc9/X1wUnhBZ7HflfVwKAoAGC8xlugCMFhQAgCIKmZjHgogAgNJ8SQE3h7/nhiN3YDgBU9fPoACAsCBCEKsWBywL8GhMAIpusfrPl0VfG9odZwpicOqWff86l38ph39+x3NaW2lnP3r8YeVj2/RYbm2w2yXrAVBwwwFjKIACYYG5UxfRfOmqUoaA+YaxqatjZtaupfd69FldQBMJaAEwAiGxJsPxsj5HxA/C4r4MXyiP/SVOfPtbbhwY1kSQOIhExASCypa/FU/+HH3SRQR9A258GL2YInwXbqJe5A/VPSR0CUboxASCyxWKVkSdvt+uvtt8ycEx/bOoEGDbEUHiWOMmvBzp7xs5ml0pIHQNRujEBIEpbQouBA/17xQ8nFdlgKgbn1L0NAEjuNZT3/9S2XOD9nwIAEwCitIV99YHUIXhHcD5zOSlYeAcA1GP62GsuY+u+meS4EZHPY+8eorToFDPGSR2DBNTxtwDoFBO/ljoSH7S606Mwx62IfB4TAKI0PFdNHyl1DJJIVALoNW6K1HH4Hu3GrjeySx0EkRj4CoAoDd/MkOf9HwBw538c557ag0GXC0kdA5Eo+ASAKC3vSh2AhJYvlToCnzShuNQREImDCQBRWuSwCIBd5qVTgmUxDtI5FrMi2159lshP8BUAEQEAbl5tYt4IAaDondcw5bry6Y39yQ//4scFAMUHZ43TJQQfeS/55dBGkoZD5D7+RhMRACCx6bGqpo2MnwGfDDNuKS/vHZgsyPzTQqH/6p8nwVQTvG+2VuCzEfJbMv+VJkpbsuMmAaPkmQpHyutXWQ0JnjgZCDJ/PISoguT9WZGgVcbFJ2qEcIXC4rl/jJq3f6/wm8Uo/eylurx/qYmAJxlD7O+sktZvyN18aez0Q+WPLDN8fgmTPrfeFRp4Hd8T47O50PrPw+qgDGPxZJ7VytDD7DW3IyaCn7huefHQPzrjKO9LHYFr+ONIcvd7+2L2d/ZM68jGF/3mi4lzatSwtydfgOU6AO5s/NCF1n372qod7eI1Z47K4eIRBAD48UepIwhMfvbAgkh0Gdz+JeBwMH+mlKALf8YAyxjJz/EJABER+bRBo/3jFYDiYVOpQ3AJEwCSoYV7yo8S94wXv32yIIu4pyTRnZsaPiujrR0zzjYc5KFrTr/QYKCHTi0juUtJHYGT/OwVDxMAkqHeA1Rjdbsbpvs8hge6TSKBLU3YH9znlV4yMxyYY72644WyUAhaj33BHJ4cPljA7fwA/Kgzu6/xmzmpdVIH4BomACRDIRBwvVlohmMajRCmdLsPgBIvg3a1rpRQ2W8+nmROhbFjoSvxc/CJK/kVKiVeKtTqak+PVod+4iOPCAkRgB0NQ2Mr/pOkTvTUVYjcwQSAAtrjOHtfutQHEdxXDSx9cUvpXtoe/Op6UWBLjWTcdD9A8jbFQQQvLY5KC18s6wt0XJqU7Pn/vjIHFbo8QQBkvLQU+SAmABTQLhy39yOuUkN9A8ChF/G53EsA1Fe2AGj9ZUHdK3fDI+9ThKj2zQdO7TydGcCNjZpkz8/2pFZ5/BJErmMCQAGtfn17e+L3Q30qMllbeUvTAm6efN3bRdSqdbnyB6e/NwF5zzZV1rllteGFt7V+XRXUOL+mSk6PX/L2eehCtmmCvvezV8QU4JgAkCz9LJwq2DH5WFUAr9z+ApiE1kDZ2yEV5mnwWuBNlReIDh9Sxm6b3aNURuD6q1wtgWPKqB/baFWeXPX5JyFo0eiS2jMlgD3sLUK+hAkAydCiw/MfvBZhc0CYSwQFkCsX7mpVkTVazuUwQF93bsbiI3mFoZZTAFdFmVYIzn2ylqfG6s04d3R7Uoc8+k9arYcuQuQWJgAkQ73enC1mr++8QPfXhVDHDUlapX+am/p/KaQA8ErrsZf0H+qCgj11bqL0YQJAMiT+mC8lb/9+QBVmZ4fHBgECEkw4TOQkrgVAREQkQ0wAiIiIZIgJABERkQwxASAiIpIhJgBEREQyxASAiIhIhpgAEBERyRATACIiIhliAkBERCRDTACIiIhkiAkAERGRDDEBICIikiEmAERERDLEBICIiEiGmAAQERHJEBMAIiIiGWICQEREJENMAIiIiGSICQAREZEMBUkdABERkVetWBgOADh9VeJApMUEgIiI/M8rhRONVKnucUlP8lpsKYBFfZX2z6RNhlplKH8yMzHEmWv6D74CICIiv5McmsEJq1Me9iIkb4qagUG77F1D+3BphgzG+z9mKUN33BfvL+AD+ASAiIj8jnPfxUNSbD/oaqNRs8hsFWwevblDiooWOBpe2qkL+wUmAEREJAv3LizdZ6u+MaKqpa7d87xj6soaOFtO7LAkwwSAiIhk4XYze3uq762fsmpHc9tN+y+sKF5E0mIfACIikoPHM+zv25+qZpOdlkcGnRMnHOnxCQAREcnAixxp7Bxdvp11xd8z7TU9Uv5qUZFCkhgTACIikoGXlhstBUC1L85c8cS68fpuaZyp2L08IsYlHSYAREQUoLQWZYvxf0NDfgCATfummqr6FGxs0VbzzGLjs2QAqs8tapgAEBERSUNwplHTkjar3/syAgDQtm2ZPqbKKzXDzC1O9zUV5+foAgDINNK8u5omIO6dAfGXICIieVGuD7azJ+O0jYZS2bllzNU7TaXRIyOMxd7qN43FQXXLmlrEmUcLLjWmCCOyDDGfLNUMAX6JCQAREfkdpd1b8PHHxtJGy8565iGANXKaay3OYjEo7vEwU7GtqdRf3d9U7ujUAwhfx2GAREQUOI50O2gsWnXWN00dONGyv3/YXlvnME8z+F82UzGo11IRwvMlTACIiChgnKplWuEv3naL7BktNhQFbTUxzyCc3+ImGWROBjDCveh8CxMAIiIKFBcrm4ovw2w3sX56r7PRItbcyd/qHtne/AjgvBux+RwmAEREFCgemko3Q90+ifkNwP5SVjuSTSW12yf3IUwAiIgoQOxqaCx94P7930KSGCfxWRwFQOR7Ll02fAURstQDcOKexdKnmsaZJYnJw5J2lCkCAE8OW9YKZcSbc1XYAtTMLtrpPOLRUVOxjan08JhFC22xsiD7mhoLY0eknPjX9ORfZVVtvgnaehkQ2PgEgMjX3F7UOilHtmzZsmXLlq/+XgALQrNnM8mhcngCf/Rd29MAgLt7c5n/rjkfHRHxCl/n339HvNN5QuzYs4a/fZ62C0y1V09Z/JPksPNemwAAy0ylWqkm/j9hLOw8a1H7ynTI/EKeispn8QkAka+5Hbc7r/Euf77sziZQ1A1J8wD/N/PK9V1P9cXqlguzZzwl2iVmjXie+arjZlKKb/TGh8bJbZ5GKAYZ66vbWKuebFk8wFga2SrVTlPvwDV9y1tUjzcWKpgHB5i7CWqszxFgd8wA++sQBYAaNcy/l2XO7WhiPaF5QHpXl+HSIwCAkGxZHyTadCvfjtQqff3fMWx3BlPXsqwJdU0JgPweTbsr0lgYMl2RRrMuJyuaypVMpVfmBuFxxndw1rMN7jZPEOzjP0vOYQJA5GusfiszpfVBFjAymj5QVZYPO26X3CzWFfbqfP8fUpHJYiODvYluya6pi42lPLb+t+PCDQWh0ukyQQCgVZnbbTDPFAiF5UwBFixyhPxuxuhT2AeAyKcpAB/7Pb3v0bOXe81cvlNwU2txzpo0OtGPv0b71H+/D0s0d9mfYmu/0MVUrKi+9/DBgyefme//M9o7voD2sbk8340AfQ6fABD5tJMCIBwLNz0KL5gtrdbekNdbs6DfLLxZpPt/3Pcv1vhb38lo89vn07mNz5uFjLZXtyMAL2abbvuLbTYIX5hnrmkjX4qdNR1fIPHvXu7E5cOYABD5srWdo4F+d4yzm6hOPfosi6QBec/F0ltbinSqC0+m+1s3ytOV9huLRe5fNhZVr50vY7s94fQkU7Gf7RZZPw/+3s7BB2s7vsCTQLv/MwEg8klrYhQAoB5woxBQ0/ztpPn3n06VRwZwvty2FiKdKm5BD7+ZO+HIccN/vPmOlKeTefeOsicrpT6IAMSsMxV32GuT41PlLFv1+yKcmV1hueURTsfly5gAEPmgNV3uJgKAcCfFk8qwT758JosE4Fz57c0ct3KKtm+VOiKdyuNO1DqcSwCAa0Vs7m+66xATANviZpiKNew2ymH7Acp/GZxIAD6abbHhxBsDP8AEgMj3/NPlYU47uzIU9mokkrm3Raz7P4Len+S4kW84X/WQgztLkYveicTvPDP/vJzOZK/R2RG2p4KajEMd+6d9/jmRf1tsXQqIpQCYABD5njVdHtmfstaPe7O7JNxxEyfV+FG0U3nY+XJH7H951ZPLf7/LEq6binbf95yrYPfw1asVdjoO6M0ZZrXpN6+U0sbxJUS+5miXWz4+Zb03iDfWwNz/X+XbQwGeldtnff+Pe3DPs4MuA4j5Xdkxe1P6ni9vZwcAoP+qZLv7tL9Z3f8b3srlQmQ+jE8AiHzO1gLW21eKW2z49j3MFx06bxgfHnQlSdAG++5iOsLn9awr/uv81XgBTwWLoZ/8yLbttKk0IMJOk3NW9/9fFYBqzT8WNT2iS8G25D8GWm52/K6AnYb+hj9NRD4nxfzjmNKps6n8cJtYY+NkY80FQyHoviIkOdx3E4BU//HBGPUbcG715+b3IVu8G5HfMHeN7FTEThPL+//8fB0AoMaHlr9NewplsHng9pjelpstvitus5kfYgJA5HNSdjD6vOj6Dobi4w+b5fZ2ON6h9li3KvMoOqFEOU9dRBQpP481+PkSUGHzZ1ON0xjM/mO1t4PyMyPsjfj4z1yc0aKUflHFChVOVjZXD37NZgKwrpP19sLAWTWQCQCRzxnU07zSSFKbtigSk3O8/im26mjngYHR/9jarDtB164eSBbCTHO5aTzx2fQy0QMnFY/is0TzMwBtwY/R5IbuNSDL+HGD8+k7/ymny2MQqMsWm0ol7L2eX2EuFqxiKlayzABszha1uqv1dhoddP0OEwAiX1PlrGUHODWAHC+MNYpQT/3OPlv+QXpPsaxFXjePHKqDQqEzrHwAAGiWzrV7/i1eOnVlZy92oPjA9bEHWV5Y/scrgSz6u33oN0nGHZPD0h9ZINppKr2w18Q8NvCr7hbVlU6bVwasdzL1D8jaFPf/mAC6/zMBIPI5QamHMdsd2Cwe3UPHbQAA9ezueeL2Eqmpx/yldy28uJTv0wE73/A85Jjrhyjs/TeH+NtExt725VJj6ZPRdprM+MFUzGaVXFo8Ujmb6qgDKX/aH0u+FoeYOAyQiAA4/2FgfxJUX/o4UUi9+i9X8/Ui83OReHtNzDnUu29b7Sh4wv55D1vf/5sMuxlQ938+ASASxaNb5f3vEz/uUnFPTWiiOa8r6u231Teeqd3t43cqoxgdu09kKep84xfXtX74I+ObHt82FTvaa2NOCFMO97f1rEjvYF2rzSqzqroYmK9jAkCUbtuEoD8K+OEqbUmLcjTQhjQW/8QH4u6sfDu3txOAmLuv70wqVcTVw+6egbrZITESgPM9d2jQwJm39JGJqn2xtUszARDHlu+MpZLtRTxtivs/lgTcMgxMAIjcpgBwfp9CNzQqaWDFUKmjcV22KdEIqbZEg1YFxTvpgw1Q9zuWaaH350qpgWOae/0HJGOQ88csElTr21bWnrY/R6wL3iomZFq6p2imN9Judn5fcL9jia1K25uwhlxl/t27JOJZI5tYbR7IlOZEgn6JCQCRu5SYEK7aMLWk7om/fpRH1AEeaFX7R9bQqoaLcL7w+U9U51u01N7LI8LJ3FAVtZpA/c49dWLHjI6+XQersWtPyNLIpNbuDl1IrTZQ4WlwjpmaV/2K2uq3pw7B+MyqjV+WfBAgU8n6hnMLTMVbIp52vdWWeXnmAMIEgMhd+br9DWBogURtrNShpEMWZfChF6uA3U2dPKDnCnt7MnbfBmBxq0ThmTixuU6dUZlh89/AX+EPM6c5JkGVoN4eeQvordHGJdlu8uTd8faOHhxp70F/WGgGjAT+K7q1ZqrThhxZWXYVgCEFXz1PK7a0RC/t7riRzDz611R05rlTyu6hdlLFtd9abu0PxPs/EwAitylO1FIe3FdP50ud392hU67uWlvY5uzyuyvtJgDYVksR9Wt/if9BdMrsJQXhwKUSaTe7m1+Vs+B+QefW2IUFaezTKR/mrht/FkdS75o6onmNo391de+aZI+LszukWFDxamWbrdZ0sdzaX9dmI3/HBIDIXbcuA9FTf1twV4HM/jo/y4uXisflByXdz434Gek+WfzDnHg+bO/CowV1GbKKEJzr7iPoj3k1+nwPrHM06V/Sb/2BqX3UG2e01Yr1xkJ4APXYB9mTN7QHWtvYr43fh4cj16sX3FH674+Mz9E+MhV72W9l7vu/oKjVkx2Lm+Bzcypx1OL+X6Rr+8C8/zMBIHKfoEDppWj/u+pS9p6J5fyvS3fc5ZApxbNrIxsBgI0b5qUE89NSbfFMAJ5dVwUjOkmXPwf0W6b9QngxIBHIsgRDdylebvn1ldeHAd58pqj0g0bYmQMA7DzWt6AB8Clwd+XK4YdDwouJEMDphy1mJ5edp/9HsZeA5FoKdFihupzNL39kfFG0ea7+NJ7M1KhiGu//9JllenreXDT/0CRetWhRfmZ6wvNlTACI0qkT8OK/80ml/O/T/FW0+o3X0vgMuP3Y/Khaky8TgLhodTguapIz5QCA+GjzugS6vKZbaK1aQLlzGq8PA3xwXbm7octH5RuBOjeFPGIkABeUTo4meB2I3eaXPzK+yOINQJLt5fwAoGFDUwIwE2PN8/muNa+0CfNMzDE9LA4dl774fBgTAKL0y9zFcRsflKNH2vtTdwss0AOHzHOt5Ld/vBT/IDVrunlgrVriBOBg+J+VTP75I+PHzC8KMFOYaMxO/+5mrv6fKWVN+p/FgVHVPBuYhJgAEJELUgyOJvITc1aay9/qwqcAwH/Hxli0qGJ6IpM4yqJ613+WazQZCFneFTtACTABICLn7W5yM3BWQ6eAYDHjgs5+K1it4vcdrgJQ7bV81f+Pef1Iq1EaI2yergUTACKSl7tnCtr4OkQkmRjzAgw30xx7IlhNAPB7yt1/Wiwj4LgLKQJiEAeHoxKRs3Tr30qacdkPAAAgAElEQVS9cC+RlCxu6w6Wo7a7UiAABOWw2AisNf/sYwJARM66PfRqYaljIHLXqDT2bW/irSh8CBMAInLWtm9cWO+WyLeETfrc7r79jbwYiM9gAkBETvphcUupQyByX/iHx+x03Uu58q9MMAEgIufMHr5evIXziLwvouqUuzaqt10PyKV+HGMCQETO+SgpKwD0lToOIgsWQ/8cdAIEgBx5426mqJr/spkbPVtOun6I7+EwQCJyyhDoJ/5dtlTiQIgs5HJxXGrGjAI2tzUsAXjS9sFyGerKBICInPFdtFw+FSngteHPMgC+AiAip7w4u1bqEIhIVEwAiMixxxOL2l9ojYj8EV8BEJFj1/IOD5U6BiISFZ8AEJFDz0bV5v2fKMAwASAiR5IjOjeWOgYiEhlfARCRI+rvhkkdAhGJjU8AiMiBJ3U+kjoEIhIdnwAQUdru5v9T6hCISHx8AkBEaRvzZzepQyAi8TEBIKI0nVzO+z9RIGICQERpOVVlv3XFVWniICKRMQEgojScrbwvxVLpRaUJhIhExgSAiNLw+L96UodARB7BBICI7DvYOIfUIRCRZzABICK74uoeryx1DETkGUwAiMiubZOqSB0CEXkIJwIiInvWdGGXf6KAxQSAiOzp8iCX1CEQkafwFQAR2TEHvP8TBS4mAERk2/fDdFKHQESewwSAiGz6e9JLhdQxEJHnMAEgIlsSLkSFSh0DEXkQOwESkQ1xP93PLnUMRORJTACIyIbHN6dmlToGEtONSAUgVOLEDmTCVwBElFryp3V5/w8oDzoF169Tt2jVs1IHQr6DTwCIKLWSHd6UOgQSU2yeJW8CKBFZ4VxZqWMhX8EnAESUiqLZHH45CCDCy8yL+gIAGm15JnEs5DuYABBRSglYKHUIJKJXyt4LBhjKIfWiJI2FfAgTACJK4VG+mVKHQGIaP371INPGRzWOSBgK+RImAESUwm9TR0gdAolqkqkUv33AqVoSRkK+hAkAEVm7OvstqUMgUQVpjKXEqZpCFcttkDIY8h1MAIjIyo2q8zJLHQOJaf8M05zOw+MmZMX2jmukDMcNftMjNVjqAFzjN/+uROQVd4qs7iB1DCSq08hgKLUMXR0E5Lk/qrOkAbnsrxit1CE4RREvdQSuYQJA5K5EqQPwiNjFfnZzIEfefhokAMDkKfW3AQCy+dWjXx1w/rzUQbhAkDoA5zEBIHJXI6kD8ITLZXdIHQKJbaygeJ6onr9Ya7jx+9cqj0WkDsAlrfKopQ7BeUwAiNz1udQBeELJnU2kDoFEN041RwHhtPGL/3mdpNG4qI/iqf9kLJrW5aQOwQVMAIjI7ECLJlKHQKJIPlvZYmu05a4zlQ54OZj06S11AAGLCQCRzOy4owCa5bO5b0+jc16OhjxEU+VURdt7omocq+rdWMhHMQEgkpWozRMuKFSRfZuMtjViaU50Ka9HRB4RuvNIxqUKXYEhKeqj/5oQxfs/AWACQCQv52oc/CALUOiNSRWjU+9d8+cq74dEnlGlKbbWVIevfddqVOetMpueZZEqJPIxTACI3CWks2uSIHh9Jq7L5Q/WBgC1+rt4RYrhSgqs6fLYy/GQxyRE4N+WgHAv379t9TWCAOW9QpvamJoIgl8NByTR8f+fyF050jngV9m9yIxkcUJx1v2/ahuLv7xb7WON5b6wY13uZfNuOOQxCWHL77U7DiDvzXbH9FXrWnR+fch60/0/Llb5rUTBkY/gEwAid9VM7wn+ejloRysxInHWvobHzBtzNUNW9zBvKm5f2pvHm8GQJ4Ut7oWtFyqogYLbLlRUA0CnTpYNnvcr9UvK/gEkM3wCQCSZqDMNvTtrWINTlt2/1BP3WjzyV/6wvrBXgyFPUvUDSs2PAYCSC+6m3v/kk3rf8P4vd0wAiKRyrMaEqpUdNxPPkiHWA8NyFzhj3lB1nlnAm8GQxxXuvTwZQOFeqdLMxP+NqfiR/8yuQx7CVwBEUql6IXNer16wxjbr7fD6FkusfN6ALwACTbe3PgaA1AvpfIJxefxs4TryAD4BIJJMae/e/1EuIUWFxYyw78/kh0HAyVq2EQCkmpz+tWuzi4V5PxzyNfydJ5KNVDPAmyvenxv/3KuxkGfpv/XPOghg18AUT3o7XfmXz34JTACIpPT40aPHdroBPvXE9VL8vl9qGmEoaQ4KiX60iik59JkiCQA+VwB3Tlh27tDNyKM9K1FQ5GOYABBJ5E700RwLfs0RednWztseGZG/56pVXnFhVSV94fmQRv60ijk5NnlCi2cAJuHOmq+zWtRr5u25uF6qoMjH8EEQkTRuFPkt+GBttI9uuj+iTMqdl0tus3VMOqlmL3/yuXke2LUDDhlKW4uN98DlSEpfzHrvg+R60SjQfWMhc+3e0/sWZZYuKPItTACIpLFu1RsAUKnSkQf1LpS23nem4pYW4l7t2b+A4q0eCd9PqtfV+Fvf+VoRfeHByun8JAg4HxzEwhPD99drb3H/X9Z3X6cc0oVEPoa/9kSSODf8oaFUA1vLfDXAagze3u3NRL2YMO1cue7K4o8/CP3wwaTDhglgv+tYRF942qdHQVEvR74guBFKPbpQevtxc9WKvg9zShcQ+RwmAERSuFB+l/mjuPmz1XkfZTfvjHrXxtRt6aHYuFmdAa8yKN4PD19c5uXPAP5ctt4wKDA225wB7AwUkHLkAJrUMm3+3jsuo4TRkM9hAkAkhaebGps3lFkGPHtl3jxV46TIEwQohmUCEKJV4X2oryjmAYAp40ic8IG4VyNfogw3FHY0Ryzv/2SJiT+RBK7VS/EoVqkyl+9vrSTu1Rq/P1t/kefPAUAQBEEQjPf/pzkriHs18km7ml8Wwh03IznhEwAiCQhLqqeouGDsBCDsaH0mVft0ebI70lCytfhwtj+7iXs58kWRTc8VlzoG8jVMAIikkHLUfetyr0L0paQW51ONCkyX+2/MNRYjU++9AN7/A9+Jh63PlJU6CPI5fAVAJAHFipspKkyl5Z+Ie/+/9cnQd43lLm+l3Hui7F5Rr0aiSd4j2qmiqoadKS/a2Shg8AkAkQTy97lQyKpi+w7DA4DfBj8Q91KXVn5jLH7btSgAIHFq27qGqk376ol7ORLLOG1Dkc50tObR6o5bkfwwASCSQHCpl1bbRz+4bygNfBkq7qUa/5BoKH0/0jDwr34D4/1g33iPrDlA6Tdi1ivHjZxxc/jaqGrinIoCDF8BEElB1fS8xdbJmqdy60uTIfL9HyrjTPCzPxYyAAB02b43rAV/sEF0VttHkcRGzxJCRDnR/cJDBN7/ySYmAERSqH6w3DnT+rvC/e0V9aXk06mW7E23ZH2Hw+RL8frtRFU7w55Ldc+VEv1yJIbkKJEWZ7qXd2M7x61InpgAEEmiduSarNcNz/1vtzGMAYwdmUsr+pWK62d/WakxdDR87buPDHsurmLPcN8UO1Kcl/b3rufbwPs/2cM+AETSaNSo8qYFPxXPee6R6vqicvq63aHfiP8r2Uj/h9BM/9z/xtYthh3/vHFa9IuRKHbN3nEkuHK6T3O32cf8/k/2MQEg8qpbuzpEGIodhAr7f2vbeXOG/IX1FQ9WjRLnva8tzd9sFQHgSoU1xprXjasBko+JWbNy7OECP8c1KJCu09zuPbGXSBFRQGICQORVEQ9HlRhrKCsaVrsJi2l/7tXw4GRt+VsAwKVaf3YwVMw2rgZIPubRoHZvNKtzbW+DD+tox7t9lvgf//mgh4hRUeBhAkDkVeEl6k9v0XKMYSuj5Uv4h1W3iD0EwJI2GMDD34z3/zkfvUyrNUknofFQZa5r2Lp3QpNOO1qNdvMs1d/aGM5OXpQWJgBE3pWcaTUUGGNjz8sfW3nywpnDBVxucMiw9eMwLe8Ovim20B9KQFD0blkpejMUY7CrseODUlGMnix6ZBRg+BFA5F06LaDZrlj1IuWOW0WLiXmd5Kex71VXxJu/5o+cobhZcq9hdXjt5Vj+8vum2MwrugOAZsSRvaMUjwThrOvf0xLiFeO+cdyMZI6fAUTeVSgLELT1RnQW/ST8DxJNOza1FfM6lyt/nyvq21Efx5pqRn4747v6+uLLaTEKO8eRxDKv0K/YEPTsj8vr1uV8gHL1XT3Fy8nDP/9K9MAo4PAVAJF31QYAFJrYueJ/OSvhQZ/f8uvrTxRoI+ZltHt/6AR8opmy+Q1T3SeJRw2lY/fnZRTzaiSaizCu2JRl2fu1X/snz8F8BV08Rfx0zPFkbxIKFHwCQCSNCqfVlVdfOf56dsN21Q2inn7e2loAoO5tmeSHGL5Lxv7ZM5OoVyOxnCq901TO1fsPTcfIC0PvunaKV9OSJvL+T07gEwAiiVTAhWs98n+ln58fG5H+eV8sTP85KhsAQDu+StGUO5OGFxX1YiSe/yIbmTea/Dv6u0b1lb3bfOjCDf2b26ovw8UPjAIQEwAiyZQuHfzQOA5w/S1RTz0mwZBYlPv6TqoEoEmdcfzN902HRjyy2Moyp13dA6o3O86od9zpM0yd8CyIr3fIKXwFQCSd283zGH4Fl8zPLeaJ+2Uw3P9xqVOGlDuFjLN4//dNUXXOZrfcDt62F1BnndpA4eyUflMmCFl4/yfnMAEgkkxswW1N9CXttRi1iCeesC/BUHpUakf5p0+fXVS0yX/DUJWkFHW0AYno/u5y1hUKFQBgjnB0qDPLRP2uiBRpFUGSA34RIHLX0/SeQPV3C0Np00kxfxVjL5pW+bn0aUzHhloI25uZ9nb89hMRr0Ui2trhgr1d5wdMHpQ31cMca8LfU+/mFTsmCmBMAIjcNTG9Q+nDuhgKzw98mTW90Zg9nlBJZSjubfh33DLre4J5NUDyMf+2jy5lb5/yp3/GthiosrcbAPDnjM28/5MLmAAQuauD4yZOilamb9k3a8fLvhNsKDY8VzbFzku1V4t4KRJT+8tpLAYV3rPF268KdLbfYNvt0cdcnTGA5I19AIikp26URczTHTLOLvg3Ut7/EbUkjXsISWl+o7QXg8w1r22XVXb3bm3V8Djv/+QSJgBEkntQTSfm6ZpUrdEdAPBXtycp951/q1yq9uQTfn5nk4MWuUs87/HWdtv7trW+UULMx0gkB0wAiCT36qfWYp4uaGR0QmUAq994EpFi15Vye9P+lkmS2ZIY5rBNZt3UFrtt1J9WtLpZSPyQKMAxASByV6r1/Nz0skiqqXrSa32pjJM0t2+mvP8/KbHH5YVlyCu04/Y5MxBUUexy48jYlLWnKx0V+PifXMYEgMhdFUQach09WvyB+X8+vh58LNWEMBenNxD9SiSKtZdvOzeopPipXZnPWVedqnSgugdCooDHUQBE7hLrbXq1AyKdyFKGH7JUvhJhfU85UC/KA1ciEbw48FWIk00rVmxZ/nAW83jB6Oe1D9b2TFQU4PgEgEhq5et44qxZJ5V6b5F1Vb2z1TxxJUq3+C8yuzAVdL1D90pfMm5El4k5wvs/uYVPAIgktviZZ86bM+e/uWLKvm6uWCPaMwsSV8InuUY67gFoVgubS83slQcAostsa+GoOZFtTACIJDYgVZ8useR8+jL/etN0RWu6PEqrMUlHp5zk4lIQLR+vyfsiE3C9zFbe/8ldTACIpDUZnlu8PWvWe3mNGcC6Lo+yp92apBI+3dWloJTZBiVlTk7OgE0tPRIRyQITACJ3xYtyltseXb4tj+nsN6/z/u+jFNNGuXHUuyFBmDZW9GBIRtgJkMhdzi7RnqZn5xMdN0q/pN/+dLCUHEnlEdy6jT9uF/pV9A2PvT8iGeATACJ3vSPGSRZ3cvXpr1uur1nlQjdz8qKbhX9357DHwysu6LlsdtYRqWZ7IHISnwAQSSpogDd+CZP/6pfHC5chN/zvj55uHPVkVK1PeqLPZ7EzuLojuYsJAJGUznyY7IWrCJ9ebO6Fy5Abzo5xpxtf3HuV31YDyDy+5/QvxQ6J5IKvAIikdGObN76ZK3btdnaeOfKuSxUis7p+VM/oru/rP7wjInaGBY8WOSiSCT4BIJLQiQ75nJsBPn0UVXj/9wWpV32+XmpnI9d/AlpfjRpn+vIWKoxRrExfXCRTfAJA5K7YTOk+hWaHFybnSy46YL7nr0KO5U31jStmZRNXT5KU3PvpYVhmDcLTbIqOYd7IJCmw8AkAkbvKpXsEf/LVJDECceDL1xY5bkRe8HbK9ZmjahVz9RxJP/cofzhFXcStc+F73Q+L5IpPAIjcVT7dZ7j1w3IR4nDg4d51nr8IuaXGUVfX8dX8GrUkW6raAlO6V/wvZyVxgiLZ4BMAIgkNKerxS9x5581gj1+E3LKxtav3f/x0YFbq+z+ACqeDKh9Pf0QkK3wCQCSdYC+MAbzavh9/zX3TP6/fcvGIJVcOr0z5GsGgAg5Xc/l5AskbnwAQSSbhdcdt0ut+o/K8//uoxfcKuHbAkv4f/2Hn/g+g5tEafW+kMySSFSYARJLR1h/s6Us8y7uqjqevQe75ZY2Lc0As7R8fkSWN/dV13Ys8SFdIJC9MAIgk88zjywAIEX+94elrkNNGxJjLwi9vJ7hyrBC/tN+LsLTbKDqs76TQuBMZyRITACLJFGzi6Stc7tnV05cg52Wx+MA9sCDGpfUZd4VfvOt44okOB34NvvXE5cBInvh2kEgy1Tp4+ALRZXZ6+ArkpsRD3+Vwpf22VufKOtVwsHrZpW9tDhQgSoFPAIgk88rTFxi8t4mnL0FuSfzhfCkXmh9c0yraufs/0G9UpXFPnWz77O+HLkRBgYZPAIikcPlVBSxJ9PBFdu+t7+ErkJuSoua5sAbQobpHrzg/ZaD6vZ+GVfvYiYZfZbj604CKw1TOB0KBhQkAkRRinldA/xeeO//bpUZgb+Noz12A0qVbQxfu/1F1TlR25eQh7718Z5cT0z8OUCgmB414baMr56ZAwlcARFJQKAFkuqPY5aHz/zICBxpGu/KUmbyofNgE5xufqnHcpfs/kCHbqkuKqQ6b5c2TO2fEolcKF2KhgMInAEQSSQYe/dbEM+fWALh/hPd/H5V87qzTbW8XrH6siuuXOAeF4uNgZ57ub4dCOS7I4yNSyQfxCQCRu1TpW4B10PjkKiVFCiWlOrOwsYsLD5nJK5T6G/LziC+dPuRuwX+PVnXrYrHx5dc6t17lS22do25dgvwcnwAQuePlWZX6SRSypWMxH+XU7WM91Ukv9OMn/S4Xv3qnoYfOT+6IuXYsoioQM/yb95w84sbj6ltbunm18KlDO8GpaSBCp7ZiR0BZYgJA5IQ9sdbf9pXX3wFQA736pVzOJ7GTs+cMQovzIoRmy8l9+Gt88atV5nno/OSayxdUAFRbFy3CNo1q28oem9s4ddyt7sN2NnH/soXXVYvP39yZlpotZTK7fx3yV0wAiOw7fkD/ajRoTIztBr//nqpqvj5V0OXskuapg48uqFalTPrCs+uvIz99cf5m0+Wveej85ILZYardS0xbLQGgE37TJLUv4ujIu91GvJGu10yFjr8ss62F/f3P5nQtBwCouyeGCYAMMQEgsiFydQgA1ZHtrh/6trEwXgMgeZadZqrD14p6ahjgzi+/qKl7VHgN7/+SW7NbPcNW/QAgMvt3ac8F/CT/7+m7/wMFcb3IgA+q2duduXZ5/fwCV6f0Td+FyC8xASCy9v6eUKhOx9nbPXOE8aF/UPu1ho9nZXQ5Gy2/AgAc1gA4nLozljJLOzie2t0912+ORt1Dfzj9MoI85GjLZ+aN6aPw+Ts5VJeNHT//xKHk1jazAz0FFvZMfwiFk49XP1M+RWXSyB8AAMpWm4vfzg8gZmfx9F+K/A4TACIAQFISlPdKWNfVKKMFgCffWz2qN/3S6ExDp8pa3uATW+UHAOXTfwFgHwBAAWBD82QgyPClL1MFwLku2q5Y3fV2fkBQFgLePCj62ckVIS9jiuhLfR7OMiSISrXqRsldjQHUK3Y7EsdxeuaCXsE2x2JpgyZ/JkocqhpHep28m9e60pSXtN7c4cSLzLXiV+JlsvJM3boHbhYU5arkF5gAkNwpVbihgHrZGMvKt4vpgKSOaY+/EgSbD2hDIvV/Pp4dBigSPjfWdwCA9yYmAUJhlN/RDBrRx153+bfAnXzY2R/4frjY5ybXFMoIAJgUUriXqU4AimxrDAD7cWXlf5EABg+22c0/tuGnn4kVSY0TG/Ldz21VZf7Ja926e+Y/uwHPIkYphGNVtxS6VUCs65LPYwJAMvfsUu44qwf4i8IEaFrktdfeedmnAIC2aAig7masnDsXAM4kBp3BXA/MvdJ2S/6oPBmBH98X/9zkgruPHgDA5OJvWX3Ghhx7zdgnr/iEVpdVbwJotT0iZaL5/PL0t8ZAPB025YnKafnVftUX+UzlgQe6AZg162MAaL2tYFT2wiJemnwZEwCSs3/UqkPffGPabPmZBprm6ex3lYKqHwDs0SLov89MlRUAIPdWra6k2JP1tdpx7rPmWNxP5NOSax5MnQtgcJ9y1kv+Ztjc7YR5q1Yt5LzXG2iOg7Wtmr2crhzaSNR42mw/s/B381d79c9v/GHaanMbwLW5N/RbLXZdmLm2kKgXJ5/FBIDk6tK2YHV/8+b/qmqFsCKeulgDAGW6KaG80dpU1xVAzxZa6LJ2F/FKTYUMb6zuLOIJyWWJCy/PBdD0q5wpdoR0O2e9qG8zjWYAgDp7GlhUasdlmBguckjNdOpeXfsbh/opega92d24tRrA5ZaLQg37GgvqLn8VEfny5JuYAJAsvZNVeWGNaeuJBkJEsKevmT07gBL3FUBQdmPdihUAcCoZz2eI9ZGv6Lry839/5m+2hPr/DwBiVBEpdySdLZuiRv3Wa7OmAh031jNVTY7KMz1E9JiU3VrOb7vH2N9Q2bXFr6336qf/+yYGuDvLPGRU0U17u4jo1ydfxI8Jkp+/RxXcbdrYfK9BUS/Og6rKDQBJQUcsH/pOBXAoVMDFf+rZPsolih49PlWLP8KAnFX+HAAgR6odm0YPTVUXEvLlraV41vHZlSL6iklfCFpP/ECqc3z6VNVpjWlr3POg9hsA/Hg4B642PmzRUpGb9wWZ4GJAJCsvEy4pFN2u7QZQs2eP6oIgtNaovT8Puloh7BIEQRCiWxi7iB/ff+DA4/oKhULxYVJ8vN1pCJyhUHw1UdmeKYA0dPXPATgvtE61Z0872yM/l/R/HU90Ra8BACZ+IcBTP5AzhYtdzRF8LTzsmLxG8VMSHhTfU9OyXea6lz0UAfkWZnokH3FPQoq9NJRnxHWpZChKcqcUEgEApbbhtYvqx1bTwfz4I4CLoQJ0edx+EjxlSr9hY7KHOm5IIosbsx+otKQMXqXco71+fKfW5jG/Jb+9CCgmQHP/z6gET0Z3ts+IT3KY5h88PGqccK0IgO8bWLWqvpLZozwwASC5OBKyyzg2/oecIb7TTa47EFc+bO0K1Jog7DeNSCgFACvKa6HL7d647F9WjK9Vp7q4IxrIsQ1zgWK/VUm9Q7Nq6fJUSYFB0PfZZwBR1Vf/NHB52tMDp9cv/xvdcLBp/Kkx8UxK0Urn0RjIZzABIFk4GqN5XV9qP16jaeDZD1mXhfdDlcHBDcJ0HToLSbjfw1jfEwDe7ZKMxNddPmfIgHZnB47kDO9e9uAIgHUVbOx5Oe9/uTX2Dss0TvU1aqxdtMLTs/CEDugwXFPEwSIRD9fVTLsBBQgmABT47q/O+Mt+fTEqQ0bfmOUk5SRAJUvipPLo+jbad6A5rURwSdOen38GsEQDvOrn2kCB3Lm35Xlcqn36YyWnPZ70CxBtc3KHme3zp3FgxKfBU9Bpjhdm4cv53ZNyy3tZ11n/ND54px3nA5YHJgAU8N6PW6ovLG+jySNtKCYP2qxIVVcJpVqr+2+v+0kFAA91CgT9Ota4rx8AnM0qIKFf2tMTW8n9KL7wkMG10h8uOef5wH+AiyVt7Rrxb1Sah0ZvATCvkrjz/9iUO/eLzJFd2lhWfVynjsVWbLOB3u8XS1JgAkCBbebvYfov/+XPJAX5zqCX+Cm2JoAPzou1KuUo3Z4GyAkAIz8BVMdMj2N/BoA1RXRJpZY5eZns2TVnqp6onP54ySnCPwBsJpmjZ6XVr+5lxkoP7wM4+8gjYaWUSXOnyI6m5u3cR29Y7H1RcjXv/zLBBIACV0JUQ32hZvErhwGPz/TjCnv9+4Mg4FLTbKcfZAoFVCoANQQA1YsDQf/EA7h5Ezi8HAAehAtAqIOkJqjK8Tcu3czB8QDe8DwCyHfC1iLPwib79/9ERUj5WY1qFLn8/nx03dXYc+GZBRW+UXhbffMPRdY+XU1p4vOsf/hOD1nyLCYAFKjuxpXWF6bHvWGrU5a00vo+WPI2/po5405SDvM7/ygAWHM6CKozy411uQFgfTWdEJIrrStVubjxx+l3MmRLX7zkhKwANqac/hcA4ofZ61WnuaP+8uW3XYsMxQ7VvPlAjEcmAUqt0LnFLU9VNG4VP3e4yknDsNisK8WcmZp8GhMACkgxt0IMN/3fIlzvQS+9bt1KbTqRp20Fq6cWnTsDuNoyCMrHHxjrOgLoOE0DaOx33G7fvtKSY+OKZfVYtAQAuAxgUOr5/wD8k+tL24ccvDa/X7Uh0UUibyvCgTkf4o2VXT2wSKQNZb/pXOlIFlN3hVoHKx/OUurJZajxpleuT76ACQAFoIRdB6cAAKbVf2XrXbs/GIynx75oVaBjyvpixQAkllJD3f65oWr9egDYpgU0TTPaPFmv5F1rtHXb8dWuR40C3h+fz8aOh+u/tPNP/zBicREcq37g3O6ZOYCBHwJvPbT1CMET6hy6W/NCaeNW7UMPam36L2tt7S4vXZ58ABMACjw/xevXUu81MVeq5Vj8SETz8k/LzSltK4MJaQngSJICQf+bbKxrCQDTcgvJFeumPiCoRc07n0YV5SrBHhQZDZS2ef9/r6WtagB4DTgT+cHp0m3jLFUAACAASURBVN8sigAQ8m87+71DxFcLW8vM6VTAtHUCfYrZ6sBAAYsJAAWa5eem6QtPBX++/QNAnjwxz0q+kzTZ9vLsJQHg46EKqM6YenSPA1CveTKEsIkpWmfJ8ltyzv0dO3gsWNk7fB5DBtnaEdtwkP0P2ssVt9/P3aVKBACoygL4YLH3Bqu0eLC18iVT7xCOFpEdJgAUWHa/q1+K7WgVrU/1+k/B2dX6cuR4pdpQGBq7v6iZMgFokggEm2b93b8fACI1wO4EyykPsyLpQUHgJid58Yh1owGE2dgRV+Iv+5+zt0tubYbGCsNznCJ7G2DZUo+EZ5MiV++E7Ak+Ni8meQ8TAAogCTf0y613eKc9PLakmhheFFrvbNMQdBJ+Kng/Mc1RjMEwjCtYtDoUyhuHAGwHgFAAy99IBpQZAEBdQMC2xtdig/iRL74koNovNupjM6/sau+YlxmLbmuBbkHbjRWZgpOg8OpKPEOUxe/quGSETDEBoIARo80LAJiU9x2JI3HsU5cexb///qg+RT/M4cTb4YEDAVz4PYNCO8lY1bs3gA4LkwBdIQAtry4et3FvUm7ODCCuVw+BY7Z2ZP7dbrf6p9mW9gGeRV0z1VT6p429xp4yaNDYmv9k4rt/WWICQAEi5v7EdQAwNe8AqUNxgt1VYeyY8XLl8NbVqznXuMwXAPKFAkEf3TNUbcgNACcg6Ipl7d+/1n87qjWo4jvzIgaCAx8Af9qov6Jf0smWu/mX9AFwYrRg/gaeAOByCfHDS8vXC78NHevaOhMUGJgAUEB4uXv/FwDwcceqgTncPWxQ23O1l+Rr4vQBgwCgcLwCQRumG+uqAJhZWYcCBTufnNojS2YbwwXITUEAuqWuPlNxp8VWgsXT/QdHJ/7eEwCaNLFoUf3dnzFinScCTMOguK++qd2OCaH8MAGgQDA3bgwA5NuZ2VdW+xFfvnyX48v/VNOlhVprA0DpPgrl44bGqpEA0PHNoNAeKDHpZRvfWBsxANiZvmfNziYWW0Mzm4rPhjdcWi51+4JVAO8PXgkffWfMiQlevyxJjQkA+b9lF74CANwIszkNW8AojHu3ar0z1tV7dq5cgHBXCQSbBnzppw663BdvlXg0V9QY5ermF0B06uqDk55bbhY1lZLadXvb5qdvrCSfylmz/hGuney4HQUWJgDk7yKHnwQARFXy9k+zqy/y0y9PHs3GIkhyfbJYRV4ASASg/sLyc34lcFH38NvWsBxHSK57+S+Q36omCcCRumcy22zeJHLCJ7ZPNOLmDwurvytydE7IKCg+W9rH+9clKTEBIP92rjwAoO0H7bx/7bLevySCXhd+zvnczXFbwQAwaRJwt2s+QPE3AGA7oO95Pj05SbA9kzA5RWe1VQnA3UPlbbasl9n+UD8VECtmVE4T4jJp32IaKCtMAMif3XteHgAm5Xtbiqv/KMVFgXff/bDlskzp6rWd7wAAjMoCBH1rWoJ+9GjgZA4Buuy2prMhF80DbvwzytaehI9KpD3Zj0Td8cLvz8iwo6njdhQwmACQ/7r1Qr/i33SbH7MBbM6CaTk6lk/3TIczAKBKjFJ5dqqxqjIA/FJXCyFrkfSeXnZSfasvvDBFxeWCIUi48L8sP3kpIhflnjmw/LbcFR03pADBBID81p1PlwHAN9UbOmoZcAY/OzKtyXuinKoNgJjGQVDEvmasGgoAPd7WAEJ4fVEuIguLHc+ttHBEiHbemTfr+uznbrnT9ytFOTndBPk/n/1BJErbiz+OLwMwYHRuf1/yxx1ZW1bt9qyYWCu352wJIHbAmGQElzLW/fEHAOT6Vt/TMblmFSfOo/ah5RfUjnpKOmzgkmCgheMThiow9fQvvvwDW6HC8aqHakkdBXkJEwDyTx/q5gLAY4Uvf5raFZz+O2WOTcmZTzextVawmxSlSgN4CgRteMtU+dDYL7x1Ha3DM6j2nM/i1Xns06A8mStPmrEonly67viv5CxFjFNv7tWZJp3600GeEGR3TgHvqHKiynsfe3kuQpKIo3UnIpsAwK+DvRAKkfN6rQAAvBBhCvNfWxZJ/0mcFasfFZb9sdNH5C334IzNHdmzXwSa4va9OFEiM15OiZCrYp5QruqqlVHG3vxrXwfwJDvqXBKeYO67APA0m/1DLT3I5Znw0qL5r92dfN6/LIlpwRAAK95y0IpPAMgPTRsPoGTOlYWkDSP0pZ0xUxvUre0ckkmfcT/54TNnL/Io567Gdnde737kSlGRBm7F/TDeRu3DdsbVg1V/i3OdQHWyktXm1M27rb9dZROwqke8cYBFhP2vXpVPfT9c7OBcom67pcJTLhIsB0wAyN8kx2wYDyD/EslnsrdzYxZ2dTzr4MjsY+KdHXGvTTG83EqRw3t/miXSl8SkJFu1uY6aiisuOlhhWRVZMauvvAJQHc+VL41/OEDxJLq+eK8AgBQ3zOX790x5K/tMi0rh7q6VuRMdj7Dsd0qCGaZSaPVkcei9EL98u0auYAJA/mZjJwBYUUDy+789cc3OOZwi6JtyfZ07mXAcp2qmMea/QYNmuU9mK+BsbOlhd1U7k2xdJHhgbcfacqXSbnBnqweXjXxxfC4macZ+8UYZUwqwrfWvi351IuXI7rmoXNBftfDkPCdfU5Df4gJQ5F92ru0EAJve8t2xf2unODFFoLNz7bxqO+GJjTnmLbTfGtX3jpNn8zCNzYcI0tA4+hqtSfbcxeOmZs4GqCc3/u4X42OIza2jB+dq5z8zLfYZW3+E8z1VyD/xCQD5lf9aAsDqEj48WcniAQ5vx/8DllVxrqO1ApUdrXDUUhfcv0sv23POkxTix2UbmRFA5lY1Bjwv0gcANrW7UQioKnFgrlC9O394/SG8QwQ0/veSHzm6eikArHzdl59cDXDcfeqt63NaXnUuAQiBVutozKDyjRa/dtvsy/8mMqNRjQ/Rl7ItTs4l9MWBFT/ezSttTK4LHtx9Ys9VUkdBnsQPDfIf52pOuwOM03b3kR9bmw+Zp2C6wwMz5suU18m++0pAUem+g0bBuSeUVTka8UNeE1EwxFTMGd9v1fl6QxKdvv8HpVxVSDKhuX+5o+AawYHMRz5JiRy6pygPoM24r5S+8lNb2kbd1ys7TVYotia+TOO4viV1gi7euWsUff642S9OvFqfLezq4twZydMU00ZYbIU97FFuXyWnZ36aOQPwne73+4Qpn2p8JB8h8fnKRymRA/fzAcDgTV9JHYjZ3NTf4l/dPLTmHaD1exmvPbR/4PEkXfbOp525xOOniYDGwfA7vXtBI+69cqYhedZTjLXcvJlr6pf1dzjdTTMcGDRE/KDclvCy5CpmAIGKCQD5hVvn8wIYvVCiFXidFTclNAjfYvS7b2zckvtU1DPbrVTJSCz4j1Mj5nMs1QKIcqrt0tLDl0g+gpxuZ/vdcvNa4W3jPz19tcApALiS6PBwJeDB4Qmuy/Dd3h/+kjoI8hAmAOQPbo8tB2DYyIEhDptK6cXXyilhCJqrHTg39p3/7q7/ep2tNwHRiwFA49yE7x01QKvXE5xpmmHojzt/+dfpYMkzfl1hOWHChWLbWwAVBkdV3nIWWBBr9zCDG8eApx6Mzg0F/pi2dLvUQZBHMAEgP3B3/AoA/SfllDoQBx4nj80IBA8qvmDaxO+T23zSPZ+th/frNwUJaih+cngzMCox3MnVYXJ937j9SmfPSh5xdkpHAMD2eAA35pfd0QwAUO20ssIFhDrs+nl8PvC9RwN0XcF/qrXYInUQ5AkcBkg+TzP20TIAj5S+0zfKtqRBQ8IBIHjIjxO2q/JvaG97YXVFNWBq6w774xyvZPSH/g/t4CXORZAnz7OsguMZ+8hjoitEZgSAgy2eZMTD8otMo/8qVNhe9qbjeYBCART1YHxuKVjwdoEPe9WWOgwSHRMA8nn6DtRxvj+JWshYw1C8oI+eFhLu5sMxmxO/xCUj85kDDbM40bVqVQwAYI7CyQQAyPIic680Vg8iz7pSZnsjADhS91QE4nMv6W6xr9nmQnjPwfEn23gutvTIn3i2WorVjigA8BUA+TaNTgEAtwQfvP9nsO6b97L1NFP5865xeYUz1Y7a6vQ1OR8QpsCE/I6v8LdhFkAXltjJJFxvssP55iSqx2v0T/wfHK6YFBv+u/WCD62Fn8Li0x7S+QIu/Wd7T3DVk5UVt6WOgkTGBIB82quJKgB1or2y2o2rmlhtPcto+XWvY6bnKH9keYabtg/15Id84QvNd3vw9GTfsdr5AADbOmZPCBm9JNXLmFcfjykVl8bxVxoBH/pkAgBUEjYV9JE1J0gsfAVAvixuzjcAGv3sYGE3n9B/4UCLrX7/Z++sw6Lovjj+nYUlBAVbLLADKbu7uxPjtbv96Wt312t3d3dgt4KJWFhYgEGKSM/vj12U2JjZnVzu53l8dmfumXuP7O7cM/eeMLP/ULB8+eaO74Tf0S3hV+ZyLmfBhyWg3CN3ADjfNCBb+3kT8Csib+r2qBmZHXpOc7TTdr0ZgE4Mc0QKT+Pz+X3tCoqtBYFDyAoAQcJEr54I4Oqq0mIrwoBXx3unOvY88R1A/cuFz78TXBfnJ/FlHgs+KuFMHpVfZ+PbAQObTsDZNen2YuIwvt+BRVqzQCYBqH6OPwXV3Dp56qUh1zW89LjVJ66VIYgIMQAI0iVx4QQAj2pJuPTfH16WvJDmTItyAFDn0c/2WrYBeMS1oY/HfcFHzeicanbwBABsrnHlxtQhZ/5r2rh+eiHzxhMSp2pL9ZN3M4Amu2/wpyOAxxuqO5qV2hBowKV1u//bab3E0hQQjIAYAATJMuffGQAeu4utBxNelLqk4WYPAO7tJrqPYJTIh1PKP6jwSPBBMzhzvzqP9gY2972hbLZlbLN2313yaBKznRbdbbrmHqx6rAXg2fkuf0rC16P0F9dGgRYNdOSq1k7bw1Ht9KczJMgE4gNAkCrzJgPAQzex9WBE+Jm62pqotq3mZErn2MUwtY/hlPUp+0wOWyemw6Y7ueD9BRv7A2NxocYsa22CVisU5vQMjU3mA0MnAYHd7I8V4EvNkMvVAYVDr6ioXAZcbe4wJtSqftrVLoJMISsABIkyayIAL1pjJL3keFw1t/ZGhXL6HCpN5UDLnrzfQ8s/cKb01REmcMfafnFAtja3I9G8+m66vqXW+R9QmtEzqc2a2ybSXYF3Dwt+4EdL3KurzqeZydCb/xyarsiZOgRRIQYAQZLEr5kK4HQDsfVgRriHt+akf8lMpMv3SrUNkI9ZfR+jKEufdPjK+ygEFVf+C1UCRV5WGzv85A39yRjp71P3BqX+DnxX+4rsHjkUgNOn7zxoiW+VH5dRvVMYHtV/sXD/YOF3tQjcQwwAghSJ2zEEwNmmYuvBkPtzK+gT2Zlrsm/KykC688FwRPPTeYR3QMyYxD7elRUASvhlZZaKOcfdyLypSuwE5zqsfrds7kgABSsb4qanj/srk/fUbGpEGtzLzrLjNhFPABOAGAAECXJ+b18A5yWaFjUdFxq01iujmFZ/1TrB67w2PeX4WugxMyQxq184qt4536rM7JICA1428Pp7+LndtlHJ7zNPvNAHeDfqMudbOCeaNVS/+3ZunY5NCj0oBy5/uI7/cEUC3xADgCA9djfuBeBiQ31yUqHh+1L6hWyaLHg4Zyv/yqSm2bni/kKPmRGJfrQguVRlqWp7GF5U4n2jjbfU7wO7D02RNzhn/dn1gAP1ZodyqCMAtPqgzqn1dUil3ipH1IuaSlbrJfuCOk22cKYWQSRIFABBcuzqDuBQVY0hVFJkO5wYyWVdFZsnsW/ykQVf6qSm0fkSIuQizHAMrPK3VOXJbGBYkNEp8Jv7vYoAEFJ7auoMgHkO2wNYnWizmDslASA5kV9Yrd6qm/+dBuEGdZQrV7i9b/3mHKlFEAeyAkCQGnu6A9jSzkGyGVHTsLOX1sRuabDPHduPOqN6T9URaG2+4anClCAOBxmZUrGj/h5kjexGXWV2nYPb40rUZyAuxxjPNPdiu5hgAOuWVOdKx1T8LFVANf97V32qNTGxHuxixrYg8YDyhhgABImxsxuAbf+IrQZj9vWIzsRY2IIObnYKAFDphFBu1M3ojZbEAuCXl8dTHmWmP9RhWpDRjb5Y4Eu85eYB6VoscweXKAbcqkZz6TrSEwAQn2VfK9VxsE8Zg/uyzB/Y8Gw8F1oRRIIYAARJQR/pAWBLT7H1YEz8l3esfKlyv29xPggABLxx9t1oabjDN0EvUdTsNGcKsijIWG9jfovNvTW15H65vwRwW/Efd98VWuWhSPfrBABI8mqVRd0SkmhAdw6vz1iQohMyhhgABElxvB2ALfJ5/v+94UFmdlc4vXifV+g0/X3X25GEALzxve3cSWnPlfCrdeU5s8vDfJZu1Tj/A/DYvh3A2K1+nC0CDFK9qJeEQhu9UjsFhtQxyEYsuvKehw8JNJEtxAmQICUOdAKwm6ELlRQI9F6Rg+UlJUtW9vDK48J/MuAU9Ldotz+fgONlKM62GpL+pPOTQGev/PqjQ6JuH3Aebqa1uVIlp1rAAOzqZoyG6VHf+E8tU8//30f2tzWsp4r3giu+LKFfjiBFyAoAQULs7gTgYBex1WAMlbC2Gdv5H4C7n7mrv92WKO4V0krPwd35SCtDAD4ub6HptGvjJ4mlN+nLtrdh5oWhA7XP/wBqXgMAz60nDFRPM5t9AGDdYNVOAL4Nrz7AUIO0YouLJTfxlbiYwC/EACBIh52eAPa3lYv7PxT0P78MioNyrnO9xJrFTIMHuIDq3Lse1zHlBAD45Dopr+YW10afLRuO1rV/v33ImNFT3NU+JIcHaRaq+eUkgN6tThqjZRos7l0HsGFQkIPqOLxyXyMWpOp9zlzVoNKCBLEhBgBBMuzuAWBLR/l8JykqYC3zCIBU1IjpACtutdGNwnNkdhILwAPRK9tp20il8nV9rLBor6X1KVWg1/wfeZKd8NDGX0sKwbzN9wJAy7PGqJkGRyWAVbHqCMCoEgWM2pDK12lubiHNWQJXyOdmSzB1dnpCVvF/QAFKaw1gvVh23m8fIWgI1YBNJBqQe96V1OVbYWaxmP5IUdTF+N+/4wBQCgBJMb9jflNmrg8/0Zkt/8oqLuWkxmvupjO9EEBTijvnUcUIynviU3UyqqTMu9sa2V/PHbayWbgj/IU4ARKkgezi/4Cob1M0F3VnRse4/22IsuFMG/30oS0jWYYsEPSQMPq8PiPQG3i19BASbl2LU0Z8/p1kfm1g18SkDf3SS55MaDB3tOZ1oXGJIYuBCo9zc5QfMyf9onTz5NCCTz2Md7vt3n0m9c2KfL1kBjEACNLgeHsAW3uJrQYb1hw9YtT1np5OrZbny6pfkCv6JmUJzi3ccBkB82NMpEqsB7ByP8wf57ClgScFtciZH90cUFJz0wTaZgbgjvdOBumZnlLexdTOhwGFOCnrMzX7fMVUYgHIC2IAECSB7OL/gE8PjO5iguvhX1MEvGf2t2h7gEQDisQwAGGDs+iUsR+jtYkab/M/ABUO5S/CjT5/Klh3umT4TlZKhkTPn1e7jpDRrQRjIT4ABCmwqxOAQ/KJ/wMQ0KW7m34p3VDNxtpM3siFNgzpOYREA4pJghFeH9YDfMcAP2pP5Djk7o43N/M/kGlMx60LOeqLIAjEACBIgJ3dARxoIys3oi9Dmhekje7FZsyE3SM50IYhVOfe9UOEG47AJVlcZrQHcGBwEJe93q36lLO+7Nw3Hp7AWW8E/iEGAEF8dvcAsLWDrL6MgdULgguneluHK/+N46Afhig8R+aIFW44giFEUopHGhtsdsUBONPZnbuxvKv4Gl4NKD22DxbYbeawPwK/yOqeSzBNVPF/vcRWgxWh+S5U46gril5MreGoLwb032RFLAAdJPyOYSh5ifrIjwpZaN+yDzW2WCrjlK64/oQCV8UBvvq4cNSTCor+2ndDIgAkcVnEkMAPxAAgiEzCYdnF/wH4tKA+d53RYYu2fU3irj/d9NkoaAYiueEz2PotI8GkLw+0efMbTZn75R5pLt+kjDtRHQA1mKmZopOkCy11eyWyIiECAKx+PDK/AODtdFIpWPIQA4AgMh/aA9gqp/w/AHzdq3PZnf2t6DxeXHaok77g6cnVJKiy9UrR9wzk4vdtzcmfFuVu38mjxdnPcUsTABvnv+Ag915ow+RqgByQeGwfACD72pcNvfyQ/eNqstQkdYgBQBCXxGsAdvUSWw12PHS7X5XTDvMO9m9y9C6nXergtCMp4KqD2rcKX3qjVyp8464CPCpRZfAlp0vvNDYVW3IRwIzS24x/wj6zjLv5HzFjk1fFSjxLdHmYbfmzNWQXQOIQA4AgLv/1AY7KKv4fwL+PynHdZbHXTlVuc92pFpqeK/5KoKFkSdX7PxvpXQRY14bnjAp174d2+qSxpVS9FwAwdJmxQ2z4p6OxXaRgTc8/GQpKN3la7m62xQ8WcNg9gQdIIiCCqMyeAsBVVvF/wDmv89x3WhTPnG9xu66glUZeJd8WFmYoWVKuLFV09BSdu+M93p/hXwtU7zhDY7Wpkp8+VwHG/8qjpYIgQwaE2bO8Im4C6Ilatj7+F57ioIyv67j+W2qFLTZUN4IQkBUAgpjMmQLgvMzmovNN+NlDL/2sWgEmu88c0OB0kWBhRpInVIvoXHY6szysvmBIBscIVq6eVDt/Wy3FIvJXvgZg5mCjskhNBNv5v62lcpFzrt8a2zpXs0t56PK7cbFvd5aoj6hFBuhH4B1iABBEZOZkAF4NxVaDJR/f8bT5W5reXfidMK7TTc86cJpOxtRQWI5brNC1MJXZoFCKJez8BhWW02Zpi/irec0ZQH/qqiF6AADGzmObyKpxAL3ArO+WTJoiEHp63fx7sJ6iylvVveBOoTYAgBokYK4LAnOIAUAQj/3TAJxuILYa7EjcN5S/MLqaXgstInnrPSWNT+UVZBz5Mobu2oqTWDujmDyrbR/NWtT02wtgXQ1De97mw9ZFb47VQwD4Z7N1+rbfL0JTHA2gaY8B+UI/bce1ITFAFARMdEFgATEACKIR9RnA2aZiq8GSt8vfOfDXe4N1++2eC7I636yZnxDDyJndpUY9iwLw+0GoXlkVCRzn6Qcw+VCOSc+iNTZ1PgAMvGRgvz+f7jZjd0XIk52qN73Tt4X2b5xmOWHjeu/vmUpkxZp5v0JcjXZXJPADMQAIYvFr9VjAq7HYarAk8fw4fr2/O564MuwbryOomeryRIhh5Mz0ZuvWxAKJx2YxK6Bwefd27pVQzKyzfIPmh/UOMNiPO3yurZ1+qVRcqmyhte2q69R0Gyb5hjwLOgDM3DTsXwHLXRDYQAwAgkjEL54AQGbr/8CiazV5HqHFgIZDfvA8BgBUfOB+X4Bh5IxV81lv522G7cScKePxglYFaJS+tbWeWw8etLBpvuD+Aq4tiyDl/1h6MX5Z18pS9e5CurZPG1pqMkRKt67v47tnZAsNSwYESUDCAAniQI9cA+Cx2GqwZcr+B4Z4f7PC/J+EDhUEKKta9kG5u5X4H0bW2C+IzhczxLr80DN/gwLDE/JoEr1X/fEXnvwqsq38nS9Rxyzao3Vblj1GDx+qJb5AG0GN/k3OfLw2OVZlxfDkxi7aInnKwwzuLPcaCIJBVgAI4kCtAfDYTWw12DL7Je/zP2De79wXIVIjlPUhOYH1YZ83cWjx4w3b2f0J4IssXViDF+jHIpWfuPHmV5k1b2wfHUX2FrQ7xa6/RJuaLVmqEDGim1L1btdRJ9WbDrvUbV8rOSq1XRfofKwUy6EIgkFWAAjiQAF44iq2FmypXVsQk9ncfDdFDV3J+zg5Klysx/sgckdBh+Q4OsrCTO3k9tNuT/q5MyHQkee/pEWsZd/T2hxmHb7lwr2KLHqL7jGFtQZ/lkBeJCf8OaT+k0TmOVVb62URW1qxHoogFGQFgCAG0dUBd2/Zzf/T7a8INdQu+tn073E8D+LkX/8az0PInh9fvmcPanPqnxVUFAAgy64uaUXCQ5Szz6Sa/xO+aPbbNwIL+n0zL80VAoGc9ONKPtoa0/MzS132CgSpMlTEL/dSzRrRZZJd+z7PaKb1Kv/STuyHIggFMQAIIhAy4hbQp4LYarAl7MluAUc7kb3r/kSexyj2rPZVnoeQO7cP53oRfvO7Tb11YwEgAN3SSoR2WbVjQ5OUZ/yOVOYhzZLTc/88D7Q1unl75wlg2FFQll3sq29nv6RK9HPnlpdqF2xlm+TgPufa2i8rca0O66EIgkG2AAgicHkT4Cy7G8PX8TW17nTygO2wdr0Se/E8SOnnpdmmg8tgtITja99frW873zz4vhCeO6ddA4r02dpkeOpTXo1OXS/EgyqlSlUreylXGc2NFSq4FXrObLd9xY50Rox+cq5TW6MjswIAvpw+oW65Vkd7YMwtN76DZgjGQAwAgvB8vgjghMwqAAD+5QZoD4Tmg7w76kUUrczvGKVa7PLkdwTZ0wp1/TcUR3WMWVx426XaqRtjZ2Qa5ZzqzG3/f97xMf0DgIfvNxc/Zy2N1a+W3lqjiJbGFDybb9D+RHL6C5V76sc+A9RhBJfqay8ufa22vyFDEYSCGAAEwfk+/CjwmediqtzzfcAWYed/IM+VhHzjePaU2JadMuB5MGNhW3Z+mGduHLUqt2hG6pZpb3NMTJ0Y17vaIx6/2y64WuZFSS2NtT7e93ihd2w/l6tG5bIedM4BQGD3zurgvo3aC0tebPC6qDFDEfiGGAAEoQl3C8Lf5wnZEJ1rS9qH8ZsaBbkkF77mRnE2/t2syfYzc1J3PgcwCezt8dP8cZW971LN9psXvI6lLVOe+dTwJc+xrbUulSrhraVScYECcfmL6Xvm/n6hljHj1xwa4QB8qnJNPf/v2b9Pq+wzfzL/SxviBEgQmt9BAH6JrQVbaJut/6Q9FyVAsH6ur6h0j1dfQNvw9GgEPgAAIABJREFU53x2bzLYWlW+iMKhf5PyJm3o60tbpJz/o6mCK2i+c1vUpafaRWqr49OJ7qetfKCah3VzGze+bRyA8N3Je/uvtNdJODgym3FDEfiGGAAEgQnMCzT9nklsNdgS2KWXOAPHbnu+0fwdnyOYXVjGti5cxsSr/pdD45Qq25X+dsHMOyTVWnpEiM02Wojc1l23j1Bq3cYft7BtBx1FDL+Ve+Bi3OgF3fxCXrqqK2LHrzymNc2fd8fA7MYNReAbYgAQBCYfgJk5xNaCLR/zi+Yq96vUpktFAngcwPbig63i172VPLRXo1d5221eVOlFKIC43C+fb0r5gBvxwnPldvbRdQbRY+usFn/S8aRl3JFiYzSWlA55FA08XlmW/XhffFMcVLt+NUepm+oqxPcvX9GyHYGEp1d4LJtJ4ATiA0AQlicARsrOAQDdzzcUcfS6NwpdLsDfdqr98Er1ZBeTIThJjV4VBzC2+JHvM+xgdqN6qtaoRejXXLjnqUmu+2InactKPWvhjKbV0jv6+VyejDPNWO/3RN02X3LmXM6/dkONGkUyV1O9/X1xtNZV/m2nV7EdiiA0ZAWAICg+7sCYSRqLqUgZ7+tizv9Ade/wZgH8dV980layCaCPDQOKAwBajs49aSttnnr+3zqDntBSwLsp1fJ/VtO0LdtYjuy6b1H608pOWc42e882MX/0nItZZj7MUm67399zTdT/+Zg5oVqyEgDLd62Xn52f4SArAAQhudMTQD7ZbQDcqfpIZA0qlKfK9/tX22qrsdhPHDVAR60ZAoCNg5O93ayHhY/0XpuqcaLXsSy2wupjM35KX3ctbZnLLes8yGVw6pMf++3DqEDWq/IJocsyAfjw3Df9XJ/4ebXWmoKjwu3YDkUQHGIAEIQk+DXQdoTYWrDm3UONt9pRS4Wo2aeCavlplV0iX8+YmdZWg3D/F1nyv9g/WSBsbQ+YIYUFsGXJc94+Ge1Yz4EVAM25KWwPUVbUoFSnfs2ouPWVA96+acRqGLt5mQCgYEyYhlGma53/+5Ql878MIFsABAG51BZoclh2X7oLnprXLHw1nuUJhfW4hWa8TdKK2pRCdp+LkIwJTznTKuh1VHIm/HNUn/u0GH87S0saQI2HGhutLBMGU8dSnAgqXWR/7zh8LMpOVWr8BNWbpPRt8TWnabts4BatVQsIEoL85gnC8ao+gDNia8EW+krDNwU0tghZGQAAxtGdWsby1Pe8f+352mAwBTbdTTMB0lEr1/9IBJK8mrylrTVfxD+eAMr5ftPYZkZ/bJPix0atr/rma3SAoxerQMWfmK9+p54qEoIDk7+CURadtF0W84JUmJAFxAAgCAbtD2CO2FqwJrTucwYJ1oVhX4lRL3jKoTQXWgO6CT/9DqVdfLG5G+N6Foi890zEAIqdUwG45f6oubXAm2ZnniUf+AVsDPxmf/QMu0QF7dYnv3tuAbz3fXaiwc4Q9ZmeqwdruSpscFUNCwYE6UF8AAiCcagjsHaA2Fqw5vwSto7TPDLr/Cqn4Zb65Qxg+/lWBXnpWP78nGOXPuQu14jmRQ85VJ0igj5/GfQ1/xTA8WYejTZqkRevy3irqm7Hes5517v/DpZJn99c8FK/O9x+alZFnYNmOJY80usjh7Vddq3YWPJoKQuIAUAQjI4AmsjO1WzbP5/EViEFVq1qjl9QsBcfXbfr2Y4YABr5OS3LOE3ebkXeRJS7XkNwdVISW6lDyHKgeseFjpqaS5Z8WXK7iwcAi9y/zeaP6sCu9+fOZ5PftociS8LdSikaj57SdtnXLQuF3h0jGAYxAAhCMQvAwbxia8Gaf0KkldA864JfBX4P0i/HmgQscJPMXoekiDEbr3mXvwj8i181qrSO0cTZzgzeBxywLDJaY16gEgGfy/o5A5N9h+FwG5ad+/5xGJhT8Vim1G79j8ZrKwIQ3rYPSSslE8hCDUEopgL72svuyWAGtM//twTU4y9Z88cPLndMvxxbEqctKPqB+25NgFxOWr38ivnXLvtKSF3Sk3lLLICd09PWqlTjWO16GY9QzAX2tmW5/Pawyx+DcPIth9Tz/5Oy97JqvupX1s69ha6bTTAQsgJAEIi2AOzFVoI1s6frcGf+yelQ8cnGUTwNgNJhKpnTP3Iebc3p4ABA1d4frnEhOYNDzRmivbEYfafkqyJ//Sdp4SMCrRFnUfgdnlN0okY/zhr0wezAgv+x7jj8SvKTfGuXtDPFj2vailRH/zuM9UgEkSArAARhmHEUOc+wS0EiAeLea626xjnJT03vLAb17TvIIkqXbI5PbU5/51oBGvncn+kXy2j8xESd7VWuzjP/kySH3nGDd4XSo6SvVAJA9dcSJNphPpxHs+82x3bqxQ8AmB2TNuXF2/raFsZCcnmwH4kgEsQAIAhCWATQqYnYWrDl19RMgjstBhS5tHnHjs17Mwfpksrv/ybXXc7HrnZba2r3DEtQlt16JGptPZLtlerTSji0Upw1lILb11UGtsz11xwkGrNsQPkQjS26cN16xSvnFyD06cG0TU/3afum5DjC0tOQICLEACAIwbfZy2DOMgRJfCIWKBakL6rGL88L3agLAJ13zNUpV2zE4ypXOE9FWKX9Ja67lDuLdnTVK9PmxJXewQAQufCIE98KaabEgDUAZpbYHqeh8ePmwcP697mqIZmvHmqPOJ7/avDl8mn39A+OKK/limdg62lIEBHiA0AQgtdLgQRtm4aSJTh+Yiahx1x+VV1praOPHkm3pz/cnrhyPPzc4iSFWyqeLdNWcy8lLZIsB2zIDWzqIl4kpceLUgCGwLZH2pZ3HZeYo18FryPztKbu10rLey9X2MxPm3mi40fNuTHxoPxt1kMQxIOsABAE4MtqAFIKp2dEzLiK2iqu8wdVVf1Gf33eMrVvuU3WkgTOUIpB34J3xuJFmWuM0i4purfsMAkzdvbhWyEdlAy4A2BIz3R1Hd+Pb6+AssIYu5ZMjJk0VOy83HVMfOpzCxppmf9x/U4V9kMQRIMYAAQBiNsLfM4vthYsSbJ2b6VbYgwfT8uJLGSrRrk5st/a1clPz53cdihr/EtfrslM0rzn+cgWK58KXQIvKaWTqmPl6wDQd2NqmQ/1C1MAYDX5sCE5JC0Kjs1vkWpVYeEEbTmAbo0uasAIBNEgBgCBf4IKA5BdddCYzjP1/DweCaOIDmw6HMwRxmnaddtwPy67kzlhJ+swFTW3XmkdQq1gsHLDJYVGpTqsQe8H0J86neLcR6fL5VTvLO0Nc2mlFtPHO6YoB3iW1rJ1fKv6G811MwkShRgABN6h8wL4Yiu2GiyJsqmvT0QK6U7a7x1uxmmoovlZsgmQzMPKuVlIT8kyBiMo5V3O4zPZ0HHnWADNL/1ZGIp39GJsxGgnwrLwnuT387R5jr2vLp2yWQRGECdAAu88AzBICpMlK+ps+UdsFRjRubNrxcM5uUtXbHNi40/hXR8kSXw5H23O7hoI891nbTsDuFLFj87uwJ9WevD0zP4vUB/JqvsOYlf/Tws7v79Tv4vw01YEyG+XhMpmEZhADAAC77gA48fKbWnw9X15zP8AxhU9EDqdux2WrAmPxS1wIxnOD2Ux/4eMrWWGSXajUepqwOcj/yZUFTyAJJkJ2QYAqHDHxgXAw/L6okkYkjOn6vXHFFctxvwRzyfcDEUQDLIFQOCbiwCqyW3+f1n8vNgqMKfNmJxTdnDmCWDXZnsEV33JmrMtRukXSub72LJDLaAc+N/+/S+oAdNtTkw1wOOeI3rdXw6gSm8/AA2esjBimPC66AgtuTHavSzG7VAE3iErAAS+2QjM5GAXUlCeO1+sJ7IKbBy2Mw0PHe2zkquR3Ur02kE2AYCmwSw8AEJdBlgAsHZdMdcu76F2KPZNvHurRbnSEdOA+wM2lj4dynFux+AxC7XM/8uqk2rSsoOsABB4ZtcBwFZuHoDfz4k9/0NbpLVGbAvuX6WjYg07rMeW4DSwQKZsAov5/1fJQqqF8Zp1SjmEt692w764IAbAl/0aT1uPj8kB3O7fr7nOhNIG8Lt7Nc0NS0df5ngoAv8QA4DAL/u6A6NYLKVKAt/abLy/OSM+Ph7J5Vxy11zB6lozeg31H9sBteQcoIrak3yA6/tpqayjiUTbLeoMuIph/1F29PaaN4X5CyaEaj5vafkdpXBrEzJza8t9K5xfSyjh5STZlfomkC0AAr/ERwIoLbYWLPnu5uMu/KjTOpkByTb5ylqaH+10QP9ysmqflYVJHxK0fZHmlr4Xg8VzY5cGJwdGsAhcCe7x12V0OEVFF/WbX+NVcR7USof2z5sOzwrAFtHWHA6X+1gLjefj/9VZvZIgUYgBQOCV2wMAi75ia8GSp8s5dpxixPSUB8MMqKlu82xX8Z1NGYsH5luqtTxj17wZfQmgwKcszIU/F0iZGm9YYv6Xzjv7lfAX2SdO7ZPfa262rFx1+aKF5uSYUcvDzwteN5NgPGQLgMAnEQ8BnBRbC5ZcqKc3BZA0yTXau9lRhkWCP17Pd3JUXW2tLZHRI7rc2WSubn2uWcrDkbPWADVvFb/uz7FSrDhXGzMvNAUOFF0RyVWfpSdoPv/sx1JDsgwTxIasABD45NtoQHR/erY0fCN6PrOH/gprzWutuinyOrzCjer65cJP7ep2t5IOgfsjrxgwfAbF50Gj1Cf6vQdQ1Sew8VPxvkleTYBqdYsWAjA9cQI3SQmuoqrG8z93dGKxXkKQDsQAIPBI5BIAlcXWgiU7Ifr8j4f9UNMQAwBF8arENb31a+L6lVvvoHOLu9zVc40NGT8j4lPxYZozyuIAUB6Hik4ZyV2ORk0k/dbScLo5gN9w+vSrJDArwWI6B4N5NXqn8Xx0/9Ji7JkRjIdsARD4ZD3gy74Guajs7PFLbBWA2Lf0CwMvLf6qVo1XukU8bQr9z1GPi9t7hlsJhPsVH3loaWoclSs7i1gCAyjYX+Pp+zWbRxd/v7AJkL/ECwDzZoznYLD7bwppbsgxSbS0hwSjIAYAgT8S7QDYi60FO/b0+CWBm1mWImZa9+f1UZyeX/K1dh8+Gh0uxy9M+cOnX1B30olln3HAUAXkDyt/tm93tYaMKGyG/mfFq3OcmcYv68MKa+lG5aytFABQkr4BYCG1ztix9k3SnM8zyaY4mUdkCvngCPzxHcATVgltRCfx02cJzP/oTifuM/zqalemK8I0NyWG/lfcPDDVqR+K2TeqpBPM/OGTsIVtpUMMNZu5MH2lmc4yDMPpAeX4XQRIz6NyD51H2e/JU1R9XP0yAAzaZVzh6Jtdvmr+n5qtMCBkhSAJiAFA4A8HoIe8nIN+r72vJdEp//xZt3/+7Nmz50Z1VXv3oWyvgzW1nKieeHdvyhNBr3Me263JbTDTrVtG6SBbQhpMn8Rc+kfd5yV1S6yr39//p3EqseNuWW+PsCfHHw35E+VZ5/x6AN2zXTKi15jnt3NpbAgCmf9lCzEACLzhC6CTk9hasOK9z7rsYo2dPI+ccvZ//tr5rHGdtTt+oXd6C+DmgQlnxqTySgvqcvmU5tDuHBOuchY9JisOtZ/GQvricr0lcGe3WrNKm68eH/jfrfB9cCuqbM+/pxr23wcADU8b3uvni44az7/Pq606MEH6kCgAAm9MBcaWE1sJVsTubCfa/J/M2RbvCgFvi5xvaFQ3LZOsBq1LndDY+00373NOKc+En97Tu7u2Pepih4LltXzDDR82sJklt/3zUa+Msm29qQuKehquEkt64OuYmn2BCilPdir0phvQ/HAOvSEimknY0T6vpvOvyh9vaViPBAlADAACX5y5DxQUJae+oSQOszLY9Y4rjrUJzg2gcJDDCYPiAP+g6EF3rT4lxQ/8YSXvgNQPcdNeuq3Oq9VHLWvliVszXlHAD/UWsCld/c8PJhaj3YxIR/+Zhqqki2++mpJWfa/UV7k5zbmKHrG9gXb2JxmkidDA8NhxGs8/29dM43mCLCBbAAS+8PuCYYPEVoIVZoHLRC9beDpIZTPl+XzeyJ7Me5z48bdA65fa5XwqpJ7/u53aOsZJRzRgq2JaigWZMkGT2rF4KpoJZitG9gV/8lMQK1pTssEIlyJK9E2766D0jB4OhA/s+MaQgbw3aDQGX7Yrquk0QSYQA4DAE3vHA+byWmGiPMzEVgGK5LztbMr6aEZps7op1Q8AkBicfxydOlnLfOrKg0w687eaFcma8SoCVP5Hv8wfpk1j/Aey5SwffyooDd/YWPudTQGXdN6sSuv/egPPDhYLYP+xUjU0/jTel7pTgnVfBOlADAACT5gB0OsfJSViqMmzxNYBAJ3m1Sg20X7jwuKAdoOPpVqpTQxbsSomUNtVyfTtojGSgKBm635JRkoGD/OEygU3HZv79AFQSMHWvTMayzSeD9ortzyfhFQQA4DADz8/Arn6ia0FG6ZPksL8zzVXcnXZnYBjR1K5+r86WSnOl0H1ls4a/b4IKn69vCj+ilF6PjnpqAi5aeUwALD7yqrL7zarNJ6/XU2QkscE3iAGAIEfHo0DdoqtBBs+n5ostgp8YDVu27EdaVYTrpekz4xlkqO+pebnSAIARCygJBklUfCyrioO1tOPDwbQ467e9Z8UrF83ROP5ak/KstGMIDnktUdLkA3fzwEwLpBNWAJ6TFKKrQM/5NnQ6VeB1n+Pfd50fcX0wc2n3z1edJIm118MYCEdGD9JikES91BHZ3u2lhW+H4SX1+DpOZl2+XJKhMbzhxu4stONIDXICgCBFyLmAY/FVoIN7wZ3kuJ6LhfkPtCyzZE/R48qFglgvHBbXmaVnIzjYEUWwr8nVZHi/H+38hN9Ig4rPwNYM3MO0yCPJ2c0Bsccar+LjWYECUIMAAIfhHYDIJMAIRoAPtUrKrHfAoc1ZHI5hrSrfxMAEFivrHdFzSndNHIlA93jz6xyZi6ckMdVigHwd6v46n8qz53vG4BVk+sx6/N552KafhsHOoRqzg1MkA8Su+kRTIQ4b+CjTJ4ezQF8K3heahXNE4yq3JKGbPTaGrcAhOQbQVfQK52CcL3PkyaDV7MgPSWSUxLfcroUV4yCH7gwEcv5HQCuUUySE7xxvqfRlH/+nZ/IRoKAEAOAwAPxDkAduWyp93YCvqyUir9C8i/ylx2b9Wj9FPNbQb1Gdppl3lbzI7Ly5DQC+otfHubS0Zlq8aeKwdBebRj6JeagnzoCWD5TfyBj0CFN38SENStZmEsEiUIMAAIPmAP4j8XtVGziD0rBm+nN8+fP36gdJwJt9/Tgtnfn/VeLs88BZ3PlZRS3ekiU+L2bdJb1Tc03my19+dPFYIIavWK871bm0GoFMG3dmzjdcjdrFtF02vvka0nGQBBYQaIACDxwFUCM2EqwQDlXbA0AnLlPARip+km+2teJ8wFq3Sx2I3cxlhfZxd1juFUsb75vPpCPufTSTWwSBgrGlfUs4vLLl3epCQzD7q46xWo8LaPh7O9rk5jEkRIkDjEACDxQF1jIdqbJ8DRJeaA7lMtAqt0LanFf4/Ocduw6CFnJVjx2dGEx/79cEM2fJoazYcE1VvI17oY2Bbol2unYF9rXVtP8H7PoR2l2uhEkCTEACNyzC0Ape7G1IKSjInZ5jB3CruJxwr+HMkA+wHHP9jAXfu58MV2ifSkwgFFpwhRUwqnmQA8cba1VpIvGnIEJb9aIXjaLwAHEB4DAPSeA1c3FVkJ+JNWtX79+/eSFgOilfIzR5Eu2HLGsrqj8TwZwApiw+DgLgzX4XD0OgzQ5YxLD0oQpaXYUADr3uK2lfTE0hvq5FCPzv0lADACJMJuiKIrKTuWkTICDwJAcYivBgM8AgHUB4n70fzCrd/HixYsxtVVH9Fs+xlBkHrrMitXspchf4jsfmkiKBTSLmJWn9STp3zphriH1o1rTS4HYndW807X8mAMsHaexT6rhFAOGIkgPYgBIhMk0TdN0yHBfWv4sBuxO/xBbCwbkB5C0b5BE9sGouZMA4ApGqo75CjMfSffz0OP5nYommgvBmRBxbdjk9Pnq6uPGmypGkMfAxBGjFg0EUOlhWJrz34H4txpXf1r1W2/YUASpQQwASbF1hQlst4Z9BvroKEgmLZ7vbSqVovf/ql4u8D7Qhnr93rBY1497wZ8qkmBj/lMspJ+vklrOKBUjDd2WGLv2XwDlsr1PdTapdHUcjNHUZ8iJDQaORJAaEnn4IahgUKFV+pxcjuwdxFaCKQnXhn9jmhJdINht0RvEvGMrHUZYM5Vu7CYVE4kfvl/TXOxWMxcaPuVNE7GYkfV/AAp7Z02RRUDRqVbYjcmZblqmzRz5pecaIXUj8AlZAZAUJmGPZQJKVBZbCab8d6NsxghzS4Wyw4zARYzd3l09d/OpjNgEj6zLIqXNxYavNcXFyRvloHuTAVT8X4pFgH34NbFIwRs10tmJt7uxqZlIkDQmMeOYDM+XApukmGGMDS92Adp8iiXHlEtn7SS2ACAM9jMiCn1lkgkeAJbk7sarMuISXLUPCw/AAZ/y86eKaNhWLPVtA3DUxqVfcoL/LiHfCo69Xutt4TSiAb0fksdGk4F8lFLi46Kx3/qJrYSxfD0OyCZwbPZVFvlfTYqsTrGjGx9kJmvSRd/CPIqxmP93vjPF+R9A5qXRAHaNbxavPpEzc2EP7/Tz/6dCu2RS5ZPAAGIASAkqq1VWk6iwJZM6gGhYOwMXNLGg93Q8xEy0dGd+VRGRqGy7WNSB2tPjF3+qiIuNdQIA3En+RdhEL8leKd38j6idraSYA4FgGMQAkBBJIUk0HSanHPoaeFoHYFlxTjTG/r4itgqaEOxHmS24w9FwJoLPAnjWRDwy72KxvZH0MTATf6qIjRkdWAUA1ToeQNMA+zEVX6Wb//1Lm+gKSAaFGAAS4umiXIlJsweLrYZxWAJguLIsNhHPLomtgiaoZ4wmZS7I/c4/KyN/jXummgvoYwEW83/MGm8ZxunEBjEWdVgBAMcnvo9CfqCKb7rSQq9LXK3NnWYE0SEGgIQwm50nLn6ivBfYYu4AK+XxX/g2XGIJXdXhZZYNh/8QashC459Uu+yrX249L3mJxeeV4zYW0m+8N8qwBN63nczkHl+9evMOAGBx4d2PAlF8vUs6meI3a3GpGkFsiAEgHaL2JACIl3dgRkQvoB0LpyoR8S03XFKKPnK9DwAwH15hXCggkG6uvmZuj/VKdZPUX4o7ll2sy1w4dk8n9sn2xUfBpHDRp90HPMzNqIT1Pg8BYGDZ0+Yn0s//N1CNa+0IoiLv2ca0iIiqC4Da4FlDbE2MwBKCZLLhgOCJ64z1AOQ2Q577w7JXawGAcsDafh5JQnmbueCOx+wu6TZ7U5Mwq3lFYdQRlDvr2aQAGmlRkzdNxOX3kvP9y74qDsRblcfbkIoAULhEOrFL9V8LrhqBV4gBICGKZgZo5VMvGRsACR2AK45ia8GESIft7qp3hqe5e8LtFoLHD/UOs8VATwCCBShUDr9aJEh3fRs7n6emZwBYPqzqx+IG2ND2gKneLkt3OW2tBIDERKBw4dtVAfivSeeNdM+fRACaGGQLQEKoppPsfBWBEYSLgJ20dtY1E2+3uYf6y2/4b4BFBVlGZE+usWqZPXv27Jk57l07dq2OOvzQ/XfIZmClGSlDBT90ZiF+4Yipzv9Um7lZUu7xVKEPABiyOo3Y4UkmnRAiQ0IMAOmQbxgAwGGEyHoYQwjgwTjHvJh8G9Q7+W1fJxH1kAitD/Whfuna57fue1EwZQTCokczFlmgYqmJ/KkiKmM9xqRx8aSP/G8kgKGbUy2O3WwfnFGzZpkuxAAgcEkeYFFJsZVgQn7ZlCsUhnbHV+WPitTe7uAj64UpDdCvqvnr8XxIycTxc/jTRVSqeS/+8z4pCQD8x1xbdhBA370Jf8USXt3OLbRqBL4x1UUtgmjE6xeRAMeai62B1Bhi1Td2ivY8lPE3y7EomSMD4uruL8Zc+suZJ/ypIi5tUrwvbA4g7vqSgmh/qD3Qje6avJ+XtONUYxGUI/ALWQEgcMgVyMUAaCW2AtKjY89ik/dr/fRKRnwUUhn+2YME/ULJBHSZYmorIBop4gjg14kqANqdAOC58YS6Ze2+dfnE04vAE8QAIHDIQmBWBsoUstnwAAIJEl+875jz47S1Zq1uWqkANvW+zSLp9ptBnWVrAFiw/eCm13QAgBbnAdRudVR1cvg+sgFggpAtAAKHZAMcTGuhWCdbe+uXkRFxysLra/TcrqU1sWSoSRSqUtMv9psfY+GPDR7I81Hp/DJzRfRLr3gkeMxjeo3nh0WqN04AZoZkP9IGQO/mMsyBSNALMQAI3DF/j9gaGMLGBk4GXmmrX0RmKO9SOxaN1djUboE8Ejwx43+wYL4DEOR4riyPuvACTVEA8KEgPh8ZToOi5gMIYJKiY3fyulbxm9Wxe9ePHLhdZeBWk1rsIiQjT7uWIE2SgMl9xFZCL+fT1MAlt7aU0LHjVkQmamoxM6GbxYoDLD71uLxnGvGnCg/QIRFzCzSZRNM0XRCgKFAUaJqmvQY4pJEMnpHu4hpD/ry1dQYistPPqj4NID8S08SEftME0TEDosTWQS/BjdPEKcohb5GAWIREOZ/W1JD0SmhVeOPX6/sspF8MbsKbJnzw+kqO1Qkvzs5OPv4zeTc4l7YwoL9N6uOw6LCbf7Mju80F7IHSJ1zPv+NHVYLIkC0AAmd89keujmIroZdra8uIrYK0yTaxc+2EvJXTnW/oHmcifoA/59ixyFb11P0Of6pwz4vwqgd809fxScnTULWnbnytNMGND96cWZPiMAHIDiB+WfEit3OSNMAmCFkBIHDGpS0oUUVsJfSxrT9JAaSPwlfyVLmR7qxbLxOZ/yNnWf1ro18smYqP0htDkiXgYOnwBx10z/9Q1j6nekP3ck3dYjWoy6B04sHbWza9E1yFLAKYIMQAIHCGBaBx81hS/PM5zh4dAAAgAElEQVSmIGd9veSsJ4lRpOrbmlfSnY2fK4IqPPBT8T8W879XjDt/qnBNUPsk/yZ6HRZLBjaZfwMALNLe/5VIVR7ZHLBCyJAO+VC5zZZKHzhUlCANyBYAgTOUwG2xddDHCOTkrrNHpus+UPhN0daz0uyVbLI2iXT4SWXnZWIufbapjOa9iLw7OjL5TjqEfnEZFvKTwomIOCAx204AQL1Myq9olctmLwCgiTll/h740iP85FhLAC02OrXcb8Wf7gQxIAYAgSuudZCBR/2y5Rx2Zkpx8WkpQt91eZHaXdJE7v5mM9mkb3j3nrsVI76hsLk7M8msWf3KeFegY/vsTlHl8QIUFzNVTT5xGlAc6gDXlSvUyQBb00utk0zX5M2YkC0AAlfI4t6gkIWWkqDyzTHUj9SnWOTOkywRJaewkN4zlMVqgbjEUVNp5qaNs48FKDNnKBQKRXJdbAUUwN8jBRSAr/1fK3D00toe8sj0TWAIMQAIHBEjo6VSAhOqnT6aMyA4xYnVFUTThTvW/Y+5bMKheV9y8acKp0Q0mpA+qF8H5d0AZdo9ncTUTjwKAEc6/D0eda1W33fSj/QlMIYYABmU19Gc99gD2MJ1pwRRaX38TLsUoeODLcRThTPG/8Nc9sei03n504RTfgxpxjjZr3YKp9rvCHmK1MUCgcVNlq42hXUgggpiAGRMAorrqP1uGGYAunHdqbQ5J7YCvNNycP++KSwAUzAA2LD3H6k7ACSp8zN/G1t5BAfdFUmVK/j5VCBNDgTzzrM/L5Z+rA+BIcQJMAOSsCDTjfN5UpzwO0YBQIfixvYcL+UZItKnHsc9Tm1k+h4FnlS3hiOT3f/uXmggqjICM+XaMbFV0IeDOvNWsEd/Q7I0hD3U9ZuwApAuB4L9nGHjCg81YCyCBCEGQIZj7dnQ8m1Gx2/4mxH/rcsV1ySY3SnRLiGT4eV8LCDtIIA495FcGwAZoUCaWZdW8yol54t7uy5DGQCzYyzFVkEfVipDPsLtrEG2d2z9exW1NgaP1Hg6y+oku6ThhoxGkBzEAMhorBsca654iOVrqeTZ+mPRS7UBoGkiFIXbq+yCaBsAgWlLh+jiazHgg5TL4yXUIzctQ1DazY+iPFWR4jnNRFZGUJrWlPz8r+a3/ZbGBl2Yx6/MQw8tbWEOAEI1NNgiSTHicFuDBiRIC+IDIA1+Ma9NahRJmwb9slAg5nqRxcPKq05FOl5UZ/9SKPDuxQgAUT9tttP0yW4NG2dakKS1r/RI+dsUa1NJbBVkyyr6wcCoeABJoQJ9T/nBZyUb6RFB1/hShGsybWPh2ZgK56vB2ppCAVTWvK9A0cHtjnHuRUQQHinfsjMSmz4JM87dbd8yATCLBVY8CFGdm5RyZdy3OhDWcNa2HkDzy17nvt5cG8esZzMAbIwFobHa2ldsFWTM03ztt8YDlrE7xNbECKIrsgljjHjhw5smHPPBuqfB1+Zu6pXiKPzvrP66KNDnjLY1vdzv/OzuGjwoQSoQA0AaWAn0QdBzcwKIvg0AqxerzqVK7WHWAdjRdmHyDSXz1tubGUX90LeBWXbcKco1b9FLbBXkjNmUHRe2JcJqltiKGMPVf1lU9QkZXp8/TTjG+6Dh15Z81T9FMMu9x3/eFgcwUHuuy0KTH1eRfOJvgj6ID4A0EKzOWjwABD33BNBTXTDcOlx9B6hWQPVq3uWvfI7lQ1vkZ9JvK6CVdA2Al6XOiK2CzMm1ql9M/jZyzgN3tpk/c+Fv/5YbJIebY1iAB9BBv5x2ivdtcvaPA4H5HyePWwAmF9J1odvz0oecyhkzNEF05PAdN0FCVtumeq423yeod7WyZk4A6u1cak+wS4NEwOxe9yZJ/wLwG5oy90fOWoy7lW548HPnC/J5npMouTdGFT1cTcYVgZt+YZHU52uZAbL4r0bc0ubDx5gBd5qcbJ725NU6wKRxWXReWOrN1/KP3YwdniAmxAAQhayVwpvEpjhWCrZ9TgH4VXM6AFiqwgCo1wMHmgFAocYWXdseAd5cTOX9z0wzClIOAvx0nsz/RpM7d7h9c78yRk84IrEELOb/CNcz8ogAoIw3U3L+Rov2Y1LvjtyoA8Be9/wPFClyx739CjaxQgSJQQwAUVDkbeznnPKEYHXlaAAJnXoBgLWqvDv9v9GqJmVOnM7XdQ+Q09TS2zxt7Cu2CiaBHf2+sGx9v0eOYi4ba7+pCX+aSI3LlrF+LnjvBIBSAAjJ4fgBwJCx+i+tTB/O+yM7v+oReIQYAOLg8qDMh5RZRuMFenq2q36zGkLNAOBn+X8BAKEph/7iBMOe5C2AS1J9Nvziet9FbB1MhEK+rkhTJFgusElh8GN4H970kCBx8WXoSz2V0ZlORVJjT+dPPJC3OoBVjK5td7DzxVgpJwAl6IIYACJR9rJ1ysMSAhUdLePrertK4XMAfuRU5XaBUyr3OCN+ypJ1EPPfQFyVuOLXHbNSz0uJrQXPBOc/IbYKjFFGJxmdfmtGzz2oVw+YtvCVeeGn5ggoBGAFw4vbt//PMlSwFUwCtxADQCzqpDriOkmtVlyeuN3u0AhBHyvv9FSdqWbqi50XGpINAO64OP5O6XtZi4mtBq84nG8otgpMUfgvblpetwitN5PHVHXU7wxct6oIJN0BsG4AYx1GmLWdX5TsA8gSkgcgo+H6ourBo4fHPrymnv9x67FOeeZIdQWgoT/ZAOCM4mEvK98LLv5abD345AFkM/8DCyyK6pGwT+fin5b4HU+T38UD2NIV2NOfhQ6DZ1ydLlvfkIwNMQCkwdXvgg1VMvv7EqUm/VMz+fieR9qMZ0odR1rYB8ysYbxufLALpv24KizZagIVW54tvuir2JqwIP44G2mf8g/4UoR78uwtb69HxFavz4bySqrC1v0AVGHjCKyoOTzP8IUsLiBIBWIASIPnv4QbK8SpdOnSVn8OK9578ef95rY0QDlHpZB+OJDJrWAHkF+aaYB2dhfwT5sBSASAhqFZ80Tpk5QO9W+wEPau+Kgsb5pwjrIMw1TdOvkTkRSfAAwBcKqgDmkNWI9eftzQcgQEESE+ANLATMDIu7T1XPJU6gmg625gS99f1kCrNZnj/jz2Py33KB+DPm2kWghgV48ogfwrMwoUAEXWvrGZJZz3IQ0f2FT1+XrPnTdFuOeLy0UOeklKvv00AgavBY42Y9uDtfUtatuS0RzoQhASYgBIAyFXYtLGQxWkAaBmHSAhMhMADDKz+BVrbQUAvm4P5HQ7TAcd8NVGbB1MCzpM9TpkyCgqXha3j3gLNhUMLrdkkTBYfOI3cOE/TIcnqu4KFBLCYGBaEjrewnyYqaUQMXVk8Qs2PWI/KhNTPjErP4n+w7me4n3/pPkfHQbEg/rlfpfZcqgi/cKCFIjZeG+I2DqYGEU8gvKo3i1D+/+yZRZXGwaE1Zw+mbl0YL0XsnIZyaQzXT/jXl4eba9693P8PjivZp7+OyXKsHaZ6jmSXWU5QQwAUYhZu2xqsRQWgPkT0Q2AVAzEr8PXAdC3KjGSf/cFjVhUWhOMl97bSIQyt7j/92flf+me5dnGSH6DZVuvMSykb26QV5qjXPpzXP8K0hcngCxz1GEAIUvWAjUMm/8B+11Xaq1sZeDFBDEgBoAo2M3I3CXVjea31HbQbXqwkd5yCxUkWBUk5lB3Ep7MNX9XeqhuLWYudGknoi4M+LCDzSb59v9586YJL4QH6N2iCz2mP6dvcgjvq3kAhhqsjUPXqoV25att8PUEoSHrNeKQucqMsJTHwqyf/+KrJq61JEsBxo2LluKyhAmRZVK3OXPFVkInAS0ms4lO6fXUkTdVeCH8pl4RBfPsniHbAbxx1iunHacPZetcNeJ6grCQFQCRqHclIuXi9G9B5s/4Zl0TACBxaG0hhhMbxfcdJEk559Apy+RlzXrb2rdFN9GU0cuPiW1Z7K7NRi7+VOEFS/1bMBYMfgQqmd+dLwKfmUT9aKcgXhfrPKmMUX0QBIMYACKhnJ/qvjRckKUY+wQaABRviyefeVmCq74luAKgnELmf+7JlD2V879VUqS9eSfRtNHDpwrXWMz/M6fJJLJx4ry/77WWLaIBYNZUAIOAKBsAmDtJV695FZ8B5Df2b1CUvuPiLytPygwM2QIQi9T3JYE+BzNzc3Nzc0UxWs3NXjVr1qxZsx71MiI8PDw8PNzAfhWA5JZO46lJM8XWwRQZ1Ce1vwplF9J5f5Q0Z86fBS/W1C+VzBq5zP+Ym/wDpgM309oAAEyh6W9raZpWBcNO1Cb76jhN068/A67fOPgbVLld/NVP47sh8A9ZAcjQVLujer22kwIA5XQ/KxoAqCKsuon4hrqDOVbNaEaMmy22CqZJupoP2T5u7nyjuhiq6MN/Coso+eh3ckpvrCZOfwWOOAa5AuPiANgA2JbTaJUAVLm8d8Y3Tnoi8AsxAAgAaqkDf2r7UABg0dUnFgBgy8y1/8hy6WUBCDwZILYKGYYC09u7XMzpKrYa6XhU/h5z4YgllLV+KRmivxqgilcABnDkA1Gnjkcub4f83HRG4A9iABBSkGwIFIoAACjdj8UBAO1UUedlljpbRSGg+3xppVYwbcr4hro99BBbi9SY36/gy6IOZED8VOlnNTIEewZ5fZWAb2Vg2MQ8XI3a6srTGRsduOqNwBPEACBoIDl6zg8AQP2quCQBAOjazPICSYAXQzoS/xYBcYF32SVtJZUVyHoJm/k/an4vWc7/+ot12pbSK/JzQeunvX8DRTib/4Ha1c16NRxsmosqpgMxAAg6SI4I/qqKHvhY3lO11J+0wEnbJZ/HKL6cFT3/fkDTJ2T+5wlac2xFhR/e1X83FVgXHViNPbieuXRsrTZ1+dOFP8z6uJUzvpfonC2PPgBaDzC+q7+Yd2mxqN5tLnskcA4xAAgMUO8M5lR7HJmdTc5A/iUvAFCqL9LBjtlDgKOt4/U/lfBMYKGz0tuRNhXsKc2O4tmbrGshIatLcTCIxSZQUgUWBQMkBAVDI3dS9eL4pC1gd5SDrlJgkW3eQC3fFYJEIAYAgQXJX5em6p/1mdZKADafgcsUAH8nJcBkVZJvfmxqLLYKpsuKldpamu+o/TJO/E9fxffXLNazYzNt5E8Tfklb3NMQooYA4MSUSMM6ZY72ayRkFRLSQD4bghE09b5169ats4OBRcDA1ScsPrx98+bNmzcfxVXL142z/EYENoTf2WzxKVRsLQAgft8/LFJThVht6cvRwBFCB8B/iDW6i4QiAKC/YoABrPz2czoHGhJ4gqwAEIzm8jBgrEOAsrqi1O1YAFB6+qhCj7KJUlrNz+2ubJwVTYyo3uY73i3KJrYawJejQ1nU15qy/h+uBr5rzSL1kPEked5z1RN9ER2kL6sHBQCLR3GkUmoU646NbtqLi2UKAg8QA4BgNOYA0C3SJ6zfjHyqu1++cACg4qodU3kN0OU5KVvOEBepBaRlJHrErZrYqLHYzt/0oQ42zA2AV2v1p9Nhirmwt9SkRnn17bmEHNX3bG8GAHxFzWTu3rBfTH5SJFiaEAOAwBFZ6uFydIllcc1LA7XV5/xUvgJmz9p3SwQAunNB/hXxApn/RcRiwOdVN5aKrMSU5wMuMBZ+7nxBvvfBxMSFK3XXO9RfDXAFgF38lUHKvSGyxMH2vHVPMAL5fvEJ0iM/vlJPnJts/FNPLDmMsFgNAIDZJUfPJABIWsFfntCzTT+wuyBagnWM5IxNicVdWh8TVYXxC39bMf9UP5yvz6MuPBPX4EYUm4LHGlg5AtjVhUd3sDx5wu33d+Svf4LBEAOAwCW5UD+eTv+lMs+teu3UjgYA8z+PGxFZOFfBP4DlKsNQ4gnLMZZHilJzJoqowEI2wWd+TZ/ypgj/JCGnkd/fFSMA2PH7I7ALy9pJmuUiMjjEACBwjM6vlLqxe3fV6+7aFgBgeT1MFbKtMDoZG717JNvq9MRBiS36Ez28oRVmwyxF+ssmNmzOQvqTywN5V68vkDfWmLLXSWEAjrD5ixmCPf26+HUPW55HIbCFGAAEEemmnqx3zVcAgHLmJ1XEkHVeQ3v0HhGUgwPFCDr4r8wrvTJU5ELnJW3EKcewtDCboP63m8vypokgtB7y2lm/lDaiV04HDrfhTButFHtyqOYLUaKCCNohBgBBAniqX50vAACV1MdH7ZbtyNYScLjHYTpzgkaGb2IglHlW35ZJBcQIx/xxl4l+yVyq78ubJgLRuYwR6fbuTwDQljNddODq2qjUfbuiQgxFYAoxAAhccIqbbpIdhQqqkpIp3izxVEUPVGVqCAgQZUBghuPRT5WvCRoUDwAIHluPRU2iy/VfFedPF2GojusG/5kjrwK4w50uOql253Ovo8QCkBLEACBwAcdu1MndVatKA4DZnf71VE7dPfmLHiBwTeHCHxwvCO5g/7FqXxZb4vU+mIDJ+L6QVwPDrvw5fRlwT3exbw6pTLcetVxfWiKCgBADgGA0FgBPkXSWavesoqqS5uYHq1RThRFu4LDe4MlyBnscEHRT8H2hniOEzcrwo9JVFvP/TpNYMnJ6u8pAAyBpGf4G6wqAJ049aLBKlnWXTRNiABCM5QX/4T0W6o39gaqM7colye7EiRxELwXK2wlc0jglPij7rLSAA/7KuaMWc+ldPaL4U0VA8i6r1MmQ62h7AK8FK949e/fLWZOxMks8mXakAgmBlg6f5gMAAmeLrAdbWORcNxZKqVQqlUqMoVUsdytfvnz58tWomIiIiJ9RERG/DehUIY6vOiPaBQEAhklYRd0oKnj3ooKFG892V3fGsmZ4912wyY9XrEI77zfgsgQFkO+VUJvy9JwpL5EEDFvpIduvs8lBTDHpoPj+ywZAgGnckwRhxAjV68ppFKyPPR4b83mFKnwga1YRteKQ7nlVDt7c5aoXnArepxw+KXMLM9jHesyzQFChm+8M51EXIcn6uZxFa7bTanglAJuE8oGMXxtYtcMoDwBDhy4RaEyCPogBIB3sqIutQMVXeyi2IvJjGIDIsK7jsPUCACg+feqfAAB0MV6TAnzjs3MAQGvVi1mcnH+ozU8eX3rTQYiR3hTzYi5sNm7obnv+dBGWfHeb0SyD+b6O9AdaFeZHn3TEb/TvP75OmRYAgDECDUrQh5zvK6aGba+3AOj+pJSNQVwvNBhQV3WNuREGAGYPdzRWhRHWzs7HkKsFWMq8WQR4+d9c/gfikebI0m1nPv1yRjPxYj3mwuZoJ4G6xVzhdMZpd1c2FwRP2wdUWyZQmc5jAX59pw5yfyDMaASmEANAQiQoAVgkiK2GPAlasO5vglortVN0pXcAALMzJ9xVngoDOE1GWoXLzjTz3sMfuHxW7PK6xtLNrFvrPrw7f985eIC5ML18psxTAKbGMcjBnEXBnR+TtgA4IFAAzM4eL3vf7dLKwaT+4qYAMQAkBNXsg6VFb+IgYwhf8+7UkGbUxkX1WigCAGC+unFRlSGwPcVf+beAXoyscbIDQLnI/Uuh6NBoTaNbPP8vblV/xkK684G93FeiEpM8kVmSOjMV7h+7A0CoQK4yW3v/tP3YyH9vkDDDERhDDAAJ4XYiXEFtNSKtZwbm1zJPHa3W6ifoKf8CACxGJ0e/0ACk7QgWZw5Q8i9YrMw+JVzR7hCvYwSDzTbDvU/neNNEHDKH21MMowFVpliIUK6yJ37afnE8W2xepEDjEZhCwgClhIVCoTAZtyRhKTySiZTCwsLCwsICS9VhhONLubu7ly/rka9dTGRkZGRkZCzferIme7bslwZZiq0FFyyhH3bm1bptt9+e8WJOItXL3ORMbbvQedQ1vVIJsaMpACjyQzAXiKO2CNnaOCnCJL7HJgVZAZAS9MfwgHCxlchIzJ+vfjN+GgBQQVnHqALuckhmdfiJmULhK1AQHd+86z5uRE4r/vrvyHwPfODY6QH8KSIWWR8/d75e0FGXSFLgVXWmhCO8OMZq4anbDaywIc+bUoMYAFKi+PhDK4+LrUSGZIHqJWa3FwAonlu0UflilrLTdZWvK89qAYjDm08scttJmw37x9fso9QvxztBx7+KrQI/lH7kW/NB5mJa2x+ENAIAHI6LFzJVhp/r3UqIW0ymG6lBPhEpUbj9IbQUW4mMjFUf1Wvk3VAAMLtysqJq+72hxugBzyf8O+fRmDhDqFht3rHu1WxYfMFWYquBD55LxVaBL9zdS3xqfSK+lqbH+1evrdW1me4KXKfZ5UFZoBmLKo0EYSAGgKSQv7OXGFz24PphJktD1Wv5DwAA8x1XC6t2l4en+sEIEUNldaleDRNJawgAOf8LK7WnC69D3L9kMUqPyNPBnfgy3ZTCLnBYpB+uEvzNLs5zGppaZJUlZXZxj+rMhbxClmcA4IWyELToEIEhxACQFEp8EVsF9lio/4mGkSvx58prTRdop+55SiQoS0A5f5hdfAiApPxzAcBSgOg8ygNm/I8CABaMP0St2/gW+r28cueOs3hYvxHToQyghFPTN6t1/ncCWr9SaJw7DefXGNVmkdlrpaOAYaWKsNdv0j01UJaK17vxXqlyclREPPucAOWc5NZZQ+JyCPSNSuZMs4/CDkhgDK2bqwCAjXqkCEYzS/15CGElq0Z019jWkaZpmq6dSrKh/i5T31F+0jRN08kOdhE0TdP0IrZa+tM0TdPJLhEvaZqm6ZMa5IpV0NHJRZqmafqJ6mAbTdM0HchWEaylaZpOgoNDIQBd6NjYWNWt1QyZXVxdXV1dXd1ds2bJkiVLFh2ug6o/pUeqI9aJhH6l+q5E0TRN03N0XqGBtzRN0/Rh1cFtmqZp+g6rDsyAPTRN03TybX0XTdM0/Ynh5YUAVChmD0ygaZqm49Snx9E0TdPsix6o/pR5Uh3B1UPz1xsAzCumPxdD0zRNT1EdfKFpmqa36xs4S5ZsbpUqq6gil/SdOehEg+5PRrE0QPgxMzwbgeTfqQ4oPaEw12oDwMa+vH8xCQCAsRPll530dXFAxAKfd6p+MK6m+7aGhi7ltzlaoRAAUD8ajFfNXKKuhBhJ1IqJDCUremtpWN82J6MOPjjdqcirR3g5apzSRYsrXKL52cYAEOjVy6gx4inzuZOM6kFA2itphKxW/0WSzASNgNzZ44eQAQcEAMCmfgD07raRLQBJsWXJEvkFJ8dBla5GHD5WfWnc/I/4OP0ymvkNH9WbuMnjAUDxspKnKnogtwz9neIY/x1itHbBMI+C47OdVZ6WYTqcATwIXXRur5a2ZxMaAwDijCix+P234mv5lCcWqTN4K14qi6TZAqB+zgEm5kriI8cEFfq8ph7HISr8SZ3En7NT7Fb97D2QB1W0cn9GEJn/pQoxACQFjzHSpsq9bSVEG/sbrb6tWixUvYYfOg8AZrdL1lLdll1kaAgIQel5rVx87LRHqxlNtnmVtEyMfm63jOw76qXVgl1/jjq3TQCU7ZMPr1un25KKK2pzomJh81JGDquRwLN99Il8Ozwo9YnDpafzoYoW4r035tEvRRAHYgBICvJxsGXn9EviDb4qrROgvXqvrMWDEAAwP+xYUvU42EzOewO8UPluYIVXfNai1/Z87/LAyIo0pz4OSX67N19SUr7U/wkNm2EWvVDx5Y+6p+JQlfOMTvH6a4fFp/lLBB8VoorlH9Z6syxTTBAQMuNICf8twF5+Y6RMjR5BIj5eVNXWkEPt5e6m8jg0X3A/l8oQsBqk7RIAwLtYXh4TJUkleJVY0VaIIsGpuACj5v9Lb5PUH2HrRfGJxZnadY6OeBZvfn1ojUGip0H60ac9M0cNbph1a4/83JoyDsQAkBLvxpUeXYAYACyY5Szp5cUc6gDDlVGqV8scjxIAILHsCI3yPyq9E6g+uxSo/+1smXe85jiI6jCxRuozZ5t+MKK/p9vOvlC9e2urZKl5aaBIh6lts1cZYIQCxhNWbXQPIaMAp/4iu2AShhgAUoLKbeNAigGxYNZUefhM/okPjFMtBJibq2sXLUtdw6jiwYxUCoLK2SMmWwyfBWJslzjjbao8iq/eG+4yGprdKQAAcLRVvNZH/wQdPnlWVisTk6wHnm5qsArGE91VUAOkWS0y/0sZYgBIiZ9JdFJ4EqmYwRTaWx7z/1+SF4DVeicUWQcAZs+XDkwAAGWSwClaxKa/wvltIo9f+NL0zSKv8/6dgw6P6m5gTzHmSiAAaJtUZ7iucE/dKY7MzEAHVrH3fZ9LrHkx3zQhR+sV9FDI4QhsIQaAhHjS4XMSPa7vFrH1kAu/J9onynvCNFevR4fPngIAZi9Oen1KAEA5ZJTCqX37jqtxIEtm/gaofmHTgr9h6A6fDItIi/o5dRMADMgx02hzJe8HnFu34ItlBoiN+/mKzP/ShhgAEsLsVL7YuAXibhHKiMhFik3izv9PXTjqyH6x6jX40oqquZJgfrKZmzqYXEPWOhNj0ZYltv/TWGuJG+rXL5/jYW51rietbps6ife7NQwAujatx43LSePG7rtuzCjEgf8DbXASCwH4PrIFWc+UNsQAkA7RJ5wBxG8cXVJsTeSBf+IMkZ+Tu3FdDTBPt4h2uQE09AsBACjr7clEAwAlfgU93ugdNWdhheY8Rqa19/I5t9aIALxTEZ4AgBu5uUtc0Dmx7MnoKcbbPdnq6xXhJQMRI+5UGErmf2lDDADpEP5hEACLc2eJAcCEn8t78/jcyAgeqgEmUACQLzk6LkDlFGhRelU8ANB5TDFGxHZ84Ognk3kcoEGCWb+tBq+4H1XFsftk4TRrgVn9KgsmlBhmbDe6yk+oydH5z9uzta2NHZAFgYvXk/lF4pAPSDrQZbICNNxfiK2ILPjdrEl1sXXgAcrzdMpIcUdH1es3VTIXyxzX4wEgsZ6n0Irxib39EZvkSjy8YN4rrm6lDQZdetlrAQCcd8/FqUYAbMb/rnOvOv9Zea0LJL+73jSS99H+Eua8ksdUjwROIAaAdKCjAQDxWgPeHccAACAASURBVDOtE1JAu/8rtgp8MMwnUVOqmOTULeo6hDH2amf23V0F0er/7J1nQBRHG8f/y91RRLCLKChWrNh77z2xlxg1dk2MXWPs3Vii0cQWNda80Rg1RsXeFQsqKjYQuwgKiKC0a/t+uDu4g2u7N7t3wPy+3N7uzDzDcbfz7DNPEZw8LDNnl4BKjWTU6LGWCp8Z5WprAPjtW1i7RXHBtb61Y7u7h6hcJSN4zIof15qHC+htmZmkgr/nKC01Z0IVAMfB5wfNy3Q7z4Mrsvx2CF5Pc98svlAxMB8epg0/c9GuZQn+swBAFr6rpxIAmDzZds+V/eSp7uMimCeAE/J0YL5dx7FXuD8AdG/1naWGGXCqiymVplYYeaQzx1nxJLRhuJhP5B9niKfaUPhCFQCKrVQ40gSie+O7bh0qtkhxYLl8lPmiNa9RK0IAQLJ3ZQNNHhqmFOl5CY5H1KrB51oINvzny1fZnvOHF+FSlCGsIgCM/4WLHIabDuPy8nmZE+04deHLi6Nirv9RPodElEbhCVUAKDYjB240tdyMJC+QQ9d/qK/x+Ci9V2levz15DAAgG3oqnyZ6IEtpOsel2PJvqpzyIhVZmYkP33dRO+3YN6r3QKttJE/TqgBY4PuNMDPSUTrMP9C7Bt/eSTF+1jVkj4y4yFcIH4of6yCmOAo/qAJAIUEzcVPyhfsHiipPRMYF2PBR+o3UHtR9HQcAsjaHWABg3dvaPDERqBz6LsDWWn3GeT+j7lgneAztOERurWH66cizAOaMyyfEfPSp8Ciy5nW++R7eHx5nXUP2C8OcyAJzG3T9zw5QBYCS/XhQ9WS2WND4QOYJuGpVzesTTRUil8rr5QDAlutCYPDdggWWV616u9YNIYwWr6uOkQKA964G8WV7WtPj6cSzAKZNthxmZzMVKz6ocoVfiiI4WZsKY/VIMdf/aw1viSiNwhuqAFCyH09z7vpPmHLa1ygVADCqkmMUAKDubosiMFBAp8+aITVHTS1LetT4rru1C2WRYEWxA90t93g99CKAOKkI6z+Ayg+qBDUUVMKaKWJGAOLa7ZpiiqPwhSoAlGzHgy8f2nsKQjKSX8C6WXQZbFNZAHCK8dG+19+otd59TUireA3FyXJvvcmOmVRwUyvdcUHEFMHVBhZ6xJUE0ks2cUJhLIrTIpXvV8ULIR0356gFTLWYhXMT34sojcIfqgBQshsvqt6uZO85CAjLCKAA6NA+B5fQLm1v/TVruevT4MrsJ3maAiaSKzJpcjeRIj2knY7Vf53iSnLIjzNH6r0rzIb7X6lpLiVealJhAEV4LWI8t76rsBf8nvvx62sFIxPFXP9Pt31VxHIrigNAFQBKduPFrpxtXhQgwbBJUZ+0B8G7nZiUywqsuFlEoxtkehqdOOPc9229RUoy0OHVNre3rgQq5WiJzhyRViHkz8ZPyhlvDCAhP4D+ZaYRm4BVND9VWigNIGVprFqYkY3yom2Yr+VWFEeAKgCUbMbZ1vfsPQVhefuqpOgy69YFPq2diZ43AQCyYVc1z/tSra61Cm+P+f3r5S6S6WWI5I/Q9QVJjeYd2DHTmRo1upR/ZsrI8G40gB6LS5MSby1tzpSO4Oz9YFU1wMsxu8Q0AATvIlo1gSIgVAGg2IxSVGmtHxktlhQbhPZ2Lg5IiH9+XmMXuQoFUF+bx7b6OwYAnNsEaooQFW5cfFirF0l1T3+uK4qBYpBy3dTlvMv3GBKCzOs/gOZXymw1nnQxava/QNuVoq//QKtz1ZK59inY2nKbhCMj3fnMhye7F5wUURrFJqgCQLGZuouELOWWid31ja3/6g036zy6Xsy7l3gTEYzOl+w9A6C29vVBGgMATtU3yOEskeBI04U1RxQz05EU0tGbJjQYReL2FFzPaERao7uRvzUysspHzvkDwHYR92EyaME9ds6zssUmidP8RC3KM5C0DydFOKgCQLGZ/GWBFVPFkbVrkNEYtCZ+v3gqEqXFvksbJ1AqOfFQ8vIjFwbd8hLJAnCWtGui3IhL0WJIdhnR78f++2wf53oDExFpAYUDuzZdkcXpMfEPAB/5xznccrbhCyjIDktaoclc8h/byoL6dP3PPmTb2iEUB0IN7BVH0q5Bn43em8/sKOrqUcIrZfWgAIZRiDMXoWBW/mPvKWSheIkSJUpsLRXw8jfc3iWOSLeiW18z820eJirYlMuofN39Mh6ZI/3iKgOItyHO8YOo8fbWUNRHzPV/4dxrIkqj2Ai1AFCIINIm45N444K0QV2uaMpiVGIhQJkm5rYnUdyjDtp7CplhvOUA4jSr5VCjPhhCcA2MapbUpoeUM90jTF6TYarUyTDYP7YI4Pkyvw0CncR0t7MGZs23Yoq7Im5ScIptUAsAJfuQtuaKFbfXVoUB+R95r70WxVQtAGmOtoZg4dvY2NhY7a1d9Ug8wclJFfbZEsH2os1js471E9lhPfUc7+KKALhuy/pPgCiio8XBymIBREgdX1DMgEOKrVAFgJJ9uHv9HyuMs30B3Av6X+hJ73s349LPPngg3LxI43B2OUMnT2sizwjh9vOl1ftt6B+8y99Ciy2Vp9z5rD1+WRjAKMGr/1ig7w0OjZNemr/+urAtHx9XEhdLttMlJTvhcLcaCsUUyUdGWZsdRjqgLVA8KuRtB1VXAEBoAO4GCDc1ojCHO5aw9xwcBt99HVOLWxHrZpQ/51mOSJtx6Q9vrZfcegCj5nvxFEaKtTU51EOyUA3wSYV/etg8Iet5rFwgpr8BxWaoAkCxnVRRvkipC/PWNnP57hnnsQCAc8DHX3sB6IjGT2SDH7uxjWpfbXQT1YPrCD9JEnh1u0sVgHR8Az9VPdGOX9+vrYhIc2tXf+qUVVIAIcFA70WF+YkiR42HlS83traxhWqAF//ravN8rCfxt2EmUklTHBSqAFBsp9/jFWf/HCC0FOandr3NpBgrPWDgTZe2vUK2rnuKBF9N8Ze8NXEq2elVnRs1etcGrmcTBcClukN7L0SL7OZVEq99vxtUj0fPhQ2sikjLt/KjBMC9gQ+APxxgBav0oMqFZkRGuj/8DZFxrCO5W3tLRZYoDgZVACi2kyc/cFdwBcAVJ7uWOW5y9fH0PKr6VLRmyLXVMqBk+oNRwYIoniyTFmcw+juhZ0gKlQNlAsjKf6InXPRJe1DrHufweo8Vc6xUVTw9ATysDn71/8hTOTSEyDiPq10mbkp64wt8NhFhU/0H0tIoAkM9NigEYIVXJVlmBvso/DgYp/HyJOP3aZlrEXbr4foywHkScyU1w7vbTYpfWHaDwDMkh3s7MguAMNgh4bJzzTu1mEhufdxKTeO0nCcCKMNNhGDkH3SZxDCxx6zeSrCOL5g8vifZnXkZY59smnsVstIowkMVAEr2oO+0xagYiAV45zE77wmDxSBOL/OPZ59jasD74509s9zfvUoQe5ZkqHzM3jNwOKorAn3ecuohAaf//rWGAJ5ykiAcPmwTAqNca0rYn/FzCJvMtsVAdr7z56xXXbcOJyuOIjx0C4CSPfi0DIBfjbZVi4YVG3OuY1DeDJPwpmEZN7qyR1pHFgdQ/Vc0OBgZO1oZ4NDmdBMoJPaegWmeF3Ozi9yOx0vczW99ncTE+zO4fIjyhgBwtSHXWTkwioYhNYgOGDNSl1JojvOABaUypUt4iaFEpVHEgFoAKARIBoResmapAVTa1zDf5TMjngwIicuI8IfbET2LZMoq3Y2p1+gZXd/N2y7wvIThKOeycKLxV7ydBLc/fbfHa6tbP5o2jEsuyCMANl5udNyR9144cug7sus/zrVK3+Of+u3+ZYZGgHC/QLLSKGJALQAUAowJOn8p2PrgZT5odjPLvSp5ekzjA/+t1r+39W+k9+zBtM2o8urWCTXbJU4WdF6C0OTIB+O1ah2AvHbLU9iade7/dV8rU0Gw4FISYn8vYOMgt0extQg/NduPf3u/Ijvgm9W7058XJe2bLJ21RO87+qDqybZkxVHEgFoAKATwKYIL4jw7+b5rcyjgR+fe0/TOFWs1dIwu39mrziqD9kUuThFlXmQpUN3eMzBJ8Hj7JSpmevzzqYeVeQhrrVNZbpTOSgBl3FCxydWaXPLwOTB/d//gS3TAyBoTSum9dZ+lTNJ7G07X/2wJVQAoJGCF3wPQUvRtMFyW/bOC2Zhxbv2G+b0Y5hmAmFIHM62dHs2+EGdiRFE7XDkAHa+uF7OfcFmxqQ1cOljV1NmLQwzAz9eA39oCQINkU8UDRafiJFt6B8VYmzXTSj4t72tgL3bVjzB80IOstkERCaoAUEiQKujoafpvPBevh1TCyscwh3QPg86uRVn2YlnGkyn6XzfAMEjp4n+Czk0Y2CTLbewDYx8XwHSWsilNrWrIpSjNO2ChNkuEm8M4jT7ebkUj1oSdY9UaD5JzAdIrbmaIzlg8nlUNEa1EJIUkVAGgkKCTkBaAu1P137l/+OkkABn77JxLsF5kWFOWTVzKdgWw0u7ZXG2msr+wKpXDwSHE74LPmOgUkrJTFqyAkwMuYJ1nWW7j6mf09PG/Eoina8i8VkgzPDJf/S+neE7kNqgCQCHBGOBpnOVmvLhfo6/B+wKXNcFgpX+5fqdE6Av9S9MBAJM/6CVAJewJJRKtv3eMnHRZUQpT7pVLxrqdNaZsNesJ8Jjbh3dhLtCil8Gp5BtCfZs58Hvwe4ttinUydjblzlZP4tO5kymvgkdN3VfhbMuqxKVRRIEqABRCLLoq0MDVgjPlMyupe1qrN+L8g/onstZP/9v3xBFdsNqKfwSalrAoHMYSnYlaxQUZVpfq/8SRI0diLbSVjfrl5gYzuZLCK3Hx/0PsDQBLDM+pA+fbP4mU9MsT/DomrYkiX03KW2JYUPvlkfSggNaPOOdppjgGNAyQQgqBlqxTMFPDpzkq3fi93aBM25O9b0mOBAYovXviybnfVlkSkCrMM61tsGttcgETjnKCjHpJ43t/8fGoUNXZ/fXV35pvXnj5u4Bt35i4+LDKCU63tei5AOobnsv7w5ppNUdzGUUAZJ2/bFSWT8fPz5fnIz0Z5Ou4vor+qMEDdYa5XS0dcP+EYhVUAaA4NoGdX5q9Xr1i15+/KrfC8GQtlPsA52IT1GsPR1r8in/NJWGMWCzP56AKgDAcfgAAF5vfjyqGCrHOxSwoACha9GP+kHadjV4L4xaRFrMQRnIAu33/edT1bVzGEQCf2W94KQAjO5Jf/4E6Nbsfd05/97R3mDZSZfcge6WGotgM3QKgkMLZchMeXHxmIf2rS7El/6xk1mc66+7r65W8eGlS5+IWA+oKCDNx2yC/hevQMCUBICK0SjHAzderfh+LPfKlTulyGgA+/GZ44SHHiDT53wB8spx29/p3+0hOA5FH4tOCT3UCpgBx28VsZh5cJtd3aa87EVUuUFuae9fAz/lNdaM4OlQBoBCBBVoFCzHwT6UtNpFJWMV3DHMtLdN5tzx58jhsPL1FHNULUBCc1ADA6FLLXdvXW3MQPdNkFxfft22PywHJ91v0Tz+pwjEiLQXAB6M6ILuZWclpKOLUP8TDF5EZuZ3sLI4zzCJ2/kxgKSvXFkuILH6yo/ZqWIIjWtAo1kEVAAoR5BDMCcAapCx7+y/XiDcf7DcFwqzKTT/NZE2shlOG0tNV8yIzZwnxDj/mchf5YhZd0jvpdo5bRFpqeaCfCWWLTdyzKYqTQyFpvOvHcO3yEZvIziG8YwTLIu3qXwDOlRod/fr169c+gdptFvkvl8x2pjg2uekuQxEY+5awq7nm5In/dQ+97bApdLgx0SFtF0nWV+Phwl8+LgA+3sn4mwdpXm6ZtYOUX3O9RvCTwntC9Gw/Pi24iQ4BMLegiYseR9HIrjVu6q6+xbXL5bVkp8De3lcWgPNmAMCugAOHDx8+dFj3/H/7+r+5bLcqZ0GdACnEOFc6r13lt22Lym+OlKqGjpbbOj6mFiW7EntMGNf4sS4AgvMXyXRa1f6R+X71rkfVC6+8Y+NY3spnI2BRUZNXvUa1LbvX27rUg4LQsaKco2GtC+EZ7P51HwBA4Rp5h3VrbeiemXzsW8IZhymiQi0AFCLITgLj7W+A79JxfmufTlvWc6lMdNVS3Ll9iDtv7xlkJW2DMA6TMk3lvk669LVHtK9sf0v7+fW+OF3h4LD7P/GVvB9AQ3O6VplnlZpd4Du67fgPtndCiEH/aWoAue4d8rl0m5MG11LmpgTYY04UUlAFgEIEpiYA0lbrn3n0KVy7WlSH6rUmfv/J2h53rG4pKo8cMINR6pu+lhtxJ3QwAwDOSt2JedrMwFILG/Dnhn+P1jEuY388adpZ0DzzgTWNzLYoXS28hR01AOUE+8kGgBndNcWf5GMa7OhR5U37iVf0Lqrj5wsRcEgRDaoAUMigAnEFoMtefv2K+TROWubjyTC/WtVc6pC77SjliL/NkoJ4fEedKw0gokX6P8LFW/Na10IoROMNoQxzvN/4sseXzOYnuhhQyNVCm/LhLZgn/Ia3nV1r7CUZADBr6QHNgUvNCd4ylEgd+ELval5fO5eGotiII95kKNkRJ5CuCdj7Lf/S7Hmcf2BZ5TiGYZ6kpqQoM19OI1pMRhjUDvjbdBIqaaI8OQ2phxro3upc32/+bb6bs+w8mzyQKbU+D14BmPCOq9xvT2WtcpeV8uy1Co8zB5mKBNObQ33iFLMlEvhwRauCJXfRJEt20XfzYWbMJS2PIi4OeJOhZEuKPAHKfyY4YNLj2zaOIGFZ9szPk6b2nh/95s0b/St78rx788b2cIFEm0cwx6tkQYfnw2thkhN47Z0w3TXujUL7NvUbM8mfs+DGhu96Wxg7p3z89Rbn59FCwE89rGhX//x6Vzt5uPxtvRPAkzynSUvXeoknuHfXntD7BvSctpi0OIrI0CgACiHkILoHEPddbxLDtGoFJG3bD9mo+2nQuioAgwv9Lb3n01XJcHi6MsJ4ITcPnCvuGCPg8LyoIsxmePUNQLW/0ELz7tO8Iss0R8+t615+Axq+T/7u59H/cY1Ie/cGsE5pbd68daHQgsIUQrJAcKS1lX0qnG8u0Bxa/DFEe5QRbhF9IFflqsqZUAWAQgg1iKYCOld/HKmh3McCqPiUAWQd92mSzbl9j6Sgd84tzqtU1S1tAZtGEI84HbLv/xVyeF40aCbY0CN0Bx8W5P9Ba5gcYPUDbSewHoMGcY5IO7AdtSxnHdbwZeDVA394c5VAgD/XLrOu4TWQX/9VgZ0A4BfdyOpjupCJl/22E5dGERuqAFAIUXrjaGwktmi/Xfc72bxCmqXrqcaO61z9d5VEBllAC+DbEDuGeZvDASsCE99i1nI3CAV12pTkq4o6S760tfVDsM9mVuIs1x0oa3Ul244q5+F/eHGWYTNf3rOu3fmWAngqrtcYSNI1i2U3ftceBY/rR14cRWSoAkAhhHtlYDwpBSCuxVzLNQB4UKaM5jVKDkilznvvATVnFhZCku0wI+pwy2orOD8pLLfhQdSK1RcqFb3eUZNdNl89XoMMdvmVqweA8/0tAIdFU/K1snPTn0V3m1JaqQgeeCxAqebMeRh+C9N6AT5LrwZIycZQBYBCCoJJ0z8V3jSA3GhGKAbgZq8Cd5RyONs3g7FpfC9GOpgC8KMgefFji+9KdUFKZLmzLTNd4fKfCbnPWbBTzCWAi6ep5JtBYyWib3wzi+p1taLZrl9XWG5kK+1qaNf/V2V11QAp2RkaBUAhhTM0jgAESFwgbCXWNDXjxNQ9HsJK3Nwcdf0H3B3u1ynIhBRrvnYBXMs+itSeUGq/RXPPWz8IY80ambmPBBz9ViWyTd8xX3OXZBOer99b02wg6yL0TNDt81HtUfxfOSLfdq7H4W4xlGxLo32k6gFF+VQnMo5Jdg9boWZZbmVjjcA57Jwb6rfCmNz58vVYQYaVaNM0uE+/BgBImx+hOaGyPlCzx9SlnOUysbHA91x7/cYm/PBO3JwAckfRUZPuBWmP7tfwtetMKISgWwAUYigAMv50xY92IjKOSYYNIzJM4yeCboN6z6lZS8jxuWJlZkWu6IzwRWZorOuXXmmdMiTyPFYO8e4gD8O8ZCIAHqXz/t4+qutgUW+c9z7mF1OcUeT3JLJ5uljA0ICghnadDYUQ1AJAIYYceGWlx7JZ7kDg9d+Qhwl8ewrgdKVPCWIxFWSQCmKQkHfsrDl4cqes5mCsJtLshdXFEF51385bOvcubmM2Hf2Drzw+FPEMFlOccZQvXz8b/KP2TUAwXf9zBlQBoBCjw2i83Gr7MME1OddAt4nzcaKK40CWFMZ2JXi7MOMO89cedNaU5dWWBsSFeR7GO2ThxthBxGdlDq9Nu1fsE0+cR2dLLdhjgk8iT88vvuiqtXucApdUjRQHhioAFGJ4lbImsbolrtW7La7hW+a4PwJhiu/y5PwNQRITZNQA1By8HqDbV6lj5d73s951eG/F8PPpL3JwYB8RNQCVpQ9+uKg5owLbvRJTHEVAHPfeR8l+xJPIBfjmpm35eXMS1QR2M+SEcylBhq2gW+ZdNItxwhKteVlmZdBhdNmjvCPSnvH0nC9U7EOfwpf5SuUK0zLC7PUxf2wUaSYAgHsvqAdgToEqABRyLPsKi2x1FDvduxCRueQEumwUKvUeDw5OEMYZ/Yl21+idv2br30lbcfjcAOvsHx+9j/N3GeFf3bgAe6PpRZGiNOofMl8XaiMrZk6eHT/a3yWRQgiqAFAIorTllgoAiGgb7kdkKmIgbDVAAEpHCQADoA4TRjMbNVTzys5oBgBspNYqr75R0qr+rxe15y/clqw+Ze7vcX5gQ38OmHUGSe4yWJxZaLgy6n0+MeVRhIQqABSCfARe2FY19c7e8oTmIgLjhH7wYkMcp+CaRKDg940XNPsc7vFHAeB9O11Kf+usH/cDbKmAY9PHW2X9uUO29CfE9oDtIkqT3z1bRERxFGGhCgCFIPOBhVdsGeCvuXVJzUUEBK+G0q5LqtAirCX2pEDaDjtNswfgMe5kLAB2VRXNeSsj7avdaMJTsBT4lWv94Ey0mGFbfxJEHx8vojT15qAyIoqjCAxNBEQhSAPYGAfwVaRdSq47KhW+dxgLwJMyglRnApihrzUHvn4vCiPd3P1+87fW9D4NvhqjfAfQ1tpMQ/bGtDvE+1HdxdySXxG01UFrZ1H4QC0AFMKsfcq/74JOdP03QCV8fncrca5lo3eHSWTaR0r32qM/Aro/OKZ2bSv6Hmv7kq9YxXSi9avShxUkecN3H01ciP2yy0AxvyOrd9P1PydBFQAKSeKBw7wT62Hx3MME55IjcBQT3Zs6hOo8maHVNwX8/JvpdhpKWrOu3XlunaegEcjtaOxj9KIBWjciNm4GPZqnmLii7DlCzK9I59rWJmeiZAuoAkAhSV4AvGOjls1i6ffRkHVZT6lTU9MSGOZo1itCIt/ZRnghY9kXYW2maI5TrXk63zmjgKATso7evzpnaBMyQdZjU8vuB2+BNmaM0yta5K8dRWDoDZdClIFAgxf8uqa9EjysjjBWlWklStS7mB1VJ4ydtPfJG3ErBYpWmHC15uV9HcuP9qp9gx0jIm0s+21TU4/oZDDlClJoX09B5RqSHCJukm6K4DiKhZGSM5Cu2cU3gW3icokDRb1bRcMI4ROwPEt3uo5/CZfKaPvlJW8AUYdriRkvkdD0tuVGtvIhUqIM0B6zqxpYbP9i2StHiUhbN2vMZB/xrRERXr1ElBY3ZqCI0ihiQBUAClHkAM705/O1uq9cml18snWIkLLgYlnNw58y0O2EZ031ySilJm+O9wRR4wOks0XIz3y3VcajrsyyxUF9fKrjpKSdcyy8oOgKQGiATTG3XDnTQMyAQ4oYUAWAQpQCe/tiUPe83DsmbB4ulJt5dqap9pUpLO1TyQOI1tWgUQpSmccUG8XYAdBTadiNlu9MK69sFnAyHHH+UnsQJhMvTn79JSE8Dk0RuWFLdjPRUSxBFQAKUZyrg5eD9eevmlsT9pVrkWhv9Rnr/thDIgZkTTEVhkaShsunhWoPVf+ct9j85whH9Eh/mUc0BeDixrViiQIQ224m74gLiqNCnQApZJEjI5abA2yVaa7E55IDYcZc0hx06PVZRLF1hHK221y0TJkyXmEAALcJn6rqzleymKOvax1HXP/hJsxTshGd+lrzcBGtQIlFJn0lqtGJIgbUAkAhS7UrjSHjvD+d5rlFiMnkBCb/rP+uxL1n2iMe2yy8YcYJNPCm0akuwPWKL0oBgCx9hWEsZh3o/fqOdSIUKqMGKSYVQKpCDVYiA4BUBgBYJ40HaypXI5ZG55W/K4mragXrymsQbTe5msn8TqZMlWf6TUluNbxbNg1gpVIAbJrA7qiSz3OHcSoGwWh2dFiq1js0VAGgEIbPbvEnzy3DiE8kZ6DM5HiVXiCQFW9D9hPWCDPwyfnxLgDq74gspTnxvqjm9a2lLAApIRFWyvj3kNE1iFEC/XckASn9uwBI6VsUAORNRgJAam8vK0fXoPb8BQAwxGPm84YY6q4xzY+ScluVo/9zAoB1d2QAEH1IAgAbb8kA6eU77oYKgOTTXz22JgH4NLEBgPejhS2i7bwBPwzn0kG2EaMVAJu0R6gpUUhAFQAKYVQAIspx69Pvd7r+myAt0zrvFNZS6yx5t4RYG3gjBVr/wR7R5LGvWjtBY/L30i5zJQPNd4wfNcBaGb17Gz+v2I7vGqe/c/tP/5orz4yUfwJBJU6PqaN5t4PfIBMN3mlsLz8PzuzwcfblCj1nA6+D/GRZzYajnbh1uFh7gzAzoZCE+gBQCOM/gXN83JPAEcLMJSew9pnBW+kUzYY5WnZNFmsKMqF2AKRac1GtOZrXR+lXOprt935qgzm2ylbYkLPSDCn9/qp7gnjShFaZ3WrSWu8UsyrfHXBc/8E6TBkrihmoAkAhTIlGQH1OPR5WOC7QXHIArgeOGbyXd6+w2QAAIABJREFUQmsSKD9VrFvszV2CFLgB3m3VHoQu0LzuOGVdx4iq3zlqRJris//DvLVJawA1Mzs8bphSlrAIc1yvyTUF4LlHu4MEmQqFKFQBoJBGxXVn6f7J9gJNJQfgVN9gIzlpdsYVsaZw6bpAO4XRDWtoDm6c0yxwjDb93x/m+8WOqeswVRIz06gWKjW+UXv6M8tNbWDtxJmCjp+J07dqceyxH08OCTIVClGoAkAhTQpwZTWH9vf7ilrQJLuh0g++UuRtfESrEBxbJnweYgDAuUlCGZsZXcU/xk/zt0i1vn/rk8x1SywytrG563bFMy+AusmNygpaKGK8Mr+Qw2fi7CzO3wBX+NG1JRtA/0kU0gxZDkRa3/xJtRCOLoO5C9lIvT2A5JHjPasz8YDqSKdokQIB4x4JlXEoTW14sGuR1rDvajYp9OdFDu8y4vbFYa93Am2cABgOMXdAzrR+xVndSIM6VYi5UMhCFQAKcVTgcn+K3FdDuKnkAIqFZoTEJeZviqbs3wU/3JIees4tUo03CsEWsqh62lz+p2ZpAhsUrzU6TZLZFPfRJaqau+wgdDkwUyZQqqa0GS/F9LALbxPOuebCyjTIbmwTYjYUolAFgEKcNC7fq1MtKwg4lZyAXv6VfHu+BtB77/YL1zb7iSQ+5KRQBgB2bCXtwVmNMiPV/qmL55nr5n3kS3OXHYXuW9Z5PIolNNgr/cfpk+//M9lQAO7t41H06hc/Zg+NA3B8qAJAIU63ugizNk0LG3cvwHKr3E26C95D9AUA9Jk0iVuchQ18PjWpmEBD5/eeEac5CkwFgHentF4NzBQzve6is0DzIc23hw7Pjicz1J4PGccJZya6kRnVOtHzeRTpkChSoaBJZhwfqgBQiFO9Ag6esLIt06+aoHPJATBbo7RHW86KLz36vWAKWp6J3ho9sU7kUjmAew28NRekZgL0L9XgGpEmLuHPM46/GFfuh20kNlDCV2XcqD/O8CpFYEir6X+cu49u2AIA2PjcUjuKvaEKAAUAsHrKFHJxuyrAmdhguZ4qrd5qDk6tFrP6qxbnOsKVuXerrlkdCy57rAaAupon26AFZuIbKjzjGpEmLi/0/V9dx8y5MIbAoPe3FEk/Ti40UcwyEPO7l+DeKXR3vmiUHG+tGZBiN6iVhgIAmCR/VL2mHEDqWq45vyjC4lJKux42SRBfrfpUaruAo7fW/mXuZdxYwFnr7RgWYqb2oEiuj7yRGDxT5cnzR5X+f9k+ql+6V62qxFYx6+ssnMfHguHsB0DqR+MAHB6qAFA0yAI0PjtRxYEXNtoY5UbLl+YCHlY53UJFfJVWa33j3MTc+tXiIagnV/pHtfQjM/r7FiGaN4zFUsCEEONL6vSoPLN4hq2jZBRHlP4y1NbBuHCIz///2pfhAODSIDQ7xGvkaugWAAUABg/RHXmz7Em/lxlXUqK5PwI0Bz5aUTs05a2c89COTPSDKj8eGO0SGR1lNo8NZ7wbvTZ2Oi7K2NlsygY25acb2nhQJ7Hcx2OFi9TX40nKX2tjLVU3tJZ4//GWGxFDPoaXA6h7SHkAqHGZ1gJ2dKgFgAIAzFa9N21P+uluwYonxydHFuc62rjxmFrecqzWzfl/OrpBlxN7lBeaAV33SCLyfV2a4L2v9u9GV8TrnR+4i+oOJizbdQeJD8TK89frnigeqK7n/2y+uJstIyh1X4C3Jf4hMCFr+fST5F8+/XSfquPma6RooQoABQCg0Ddct9UdBL7bNyWzxfEqGlozoGVDePKZRTlq/ccEAMAXwKdzSxoMJ5itXiEzdrbT+btfRYhZEkYkbkiLmLhywptwRIJI+fQKjfuiZVrxpvwHqKF1inhabl9PMlOyijuqZXSByNnQ/y/FDB4Ft6pCDR8/gxrjL78GBMZOXqiuSGAYR8Tji0YjB5AsV7PlR80P9VAMA6CfJm8emiPP4QkEpTgKX5ryAeiQbePK/M7G1z7bknd3Xa6swH/FzIGUsG2Eu4jiKHaAKgAUMzQF/pthsA14pcljZvIuEmMr4leZzfierSncYPIWBsDpk4y6pV5Yxap8w3iM9nV/ueaH2u3dZ8g2Dk93K28g8Ir4+zA7VN11NrUzv6C7H2FRRi0rglC69PPSp1vbOEjouHdEJmMdnwY2rSmiOIo9oAoABQCkBhb7dXrHTGn9NSC4yQP/tFJEKpHl/ynnrv/AtPZqCXCp7RPvuFL10uQ3NKHbqydDNoj7YJ7p1ZJWLgcWDWe+X6t5qxJ4BTslqMd5ZWdAHppZxXjW3ERCiiVzifvsVYgRKs1xVvyelTliWw7DhwGXixKajDWwlafkzlie3ASNAqAAWLfViWE2s3K5XClnsXasvs+yWu84uN7DylCpM3fnAzPtBxLDOBhqXVzDmpMMHjPNnpZzL8levzPFQ3MrvcGmDeZjPlFr78TsCgDMVvZX7Xnp2CM2Ttgsa/8RcAVoxfS9c+fOSN0jiEKuXd6T9hv3MVk2kyVtjrjxuxWxKsQozdqYwzjulJhedWn5ytP1P8dDFQAKgLQ4NRt3cfDw4aNlPVftXP7JxNfiVr07lawaz4rsZ+wyDvPLNoS6XHj/HkiLe/7R6WOly6y2jvpQFprKcG9ewYfHsOpMEX/9R2peiz4UMpAt7WW8cDsAyefYuQAmVNFkuf/sPOSA5oLEuH6Z8pR8bT0VcZVCEOSJAIDrzcQzVwBw3cJnt4qSvaAKAAUA0oCCu3bu3PkHVrrF3DKRavRGnZvVrRtuvWgO1g5G9XvBe7zCHv1vqJ8ETgv0Hti2ekQD6L/n3zN8XMG6pTv7a7IC79a9lQv5MR/9JOAO4ex5mtd5hQC8D/PY8WcfAIDyvvH2d8sI8DzK3iM/piW458eN3A0AiQ1CxKyb/QZ0/c8FUB8AigE7e58yjM3LWGFu1dfcgazYd1YCwbULkZ1Z9qBaNZR/+DJsa2HgpH6ao6FO6xcAX/Acta1OJfvf/E0AIE//3Z5tXJDnmBaJPTtFwKTzjHYHqBeA2Mm1D+ri5ON+3mO0fQMSkSeZULYun0oyWMMa2PLnypTk1EN51hUAXK6Kuf5HlA8UURrFXlALAMWAgbO7GniWR23XHQXVeaS5A222aqBZzwjOKlvRsfsXb5QAeg/XP9tnzwMbxtSZv3tpH4M33NG8lvcRruDKg2KcM0BxIL3inxd2TGrwbXqeHLYf9+JzfFGWGyVeHIAW5vqb4W859Uje0REAXATQgEzysPzxjiKKo9gLqgBQDOk51UABeNOqsubgSuMH2rD97xZZNZAZ4/QjW9bCbIDvoIFvgTYGafpUT27YMuRGzYt2y9/18gXNwYe9tgxqnloTBDQAXF6ms+i/G3V78VC9IBRR0vOmC5smpjQAQL3+A7vN5OJ86NzEW7DJmOLuyfaiy6TYAaoAUGBg1Xcq3VqvEgAYP42NNLjJg8q6c7YanV9U/mDjCA7IYb18/bLSpxMwyLDQgXrCYBtGl+vcKrW2/zLaFfPT2Lo2jGoeDyGrzj68qx19NtYs99WrcuQiViEAAMDGn8WUpkHS/4KCS6LookSibjgR+lUOzDBJMQJVACjAsXF6viB1zvjp157R3H3u1HtUGaRI+JtjVlRSlVTMolaAYRjmNt/+JeMzjlMvVMKuCwaX5W62/NZ0GprTut81r9/+ywKqV5VLZNNQLUZX8fdP1lV/G15Z0Ege4NRWQk3DLj5QUrflEzn828r8BLVcVLUoPOB2GTHlUewGVQAoQEdW/67b6kTJV5lbKP9HLm3v/Roc95Y/9BE2XNsJeBcdt6zx13NZlq3Fc5CuSyNjM0bMqrIUtTGrWjIAwOW95qPwenXQ6UaCdM4xW5PL2Yv0in8ehufZb4ZkafvZra9g85ifz3IbAVhl/YL+QQkcdhHVZvb2AE0BmEugUQCULLQ7USr9/iTRbOUXm6yuqQLAlLY5O/j9akFWVRPKwK3YPwNslWoGaVhaSvWNCo/ztmUmrH96YlgaU9ITYB8/KJflcvPeNo2+cMp6AECa1rXCd8f35y7s4JFV0DFIfKjVXKIzBeJJFFkbf/H7CMEmMmeHYEMTotA+pDx4JGZIzfmWd0WURrEnVAGgZKXdUQDAzQ9OTqFxzqo2gM+uG48ASI7518iDi3LU4J+TpNr1ehx7uE1d2EHAG6BTO2BwPaXymuFeK+veiNMwLVtWuCcJ8mgqcYqe+Fs5APcMStfJTXSzkunjNK/Mme5al7A6dWwb0TwXmwk5OoLctP/Qn7cbXjiddcM74txZAWfy7LH9SlKFVrQmCKFX0m9RpuojCkLLB+S2+yiODVUAcgGH3zsBwADLFXp1aMrXuOZl0IBx6jN2ElBSE7vcOMK5Dtxd//XgrQCcAdf1HygaMHUVkfoDRml5wzVgxw7sClCx+lsNznV26xbtxhWM9ctCJ6DFY1m7+JsXygC4VV1f09lv5MmWC7qKwIVbB+kXhI38JNDy1VzgTeceOtN/JsNI+yeZWz6sckzIiZzatFrI4c3yt4dfH0ttLgAfXi4R7tuflV196fqfa6AKQC6gRhoDyJYGFWUBdoKX5Q5aqmperiZknCpSBBUueqEib9+RY51eWm6UmTxj1n6zh4vjNCdKlsQzJ+npgy+V3iP1zz/TPow6PfCfpQIAdqTFEPUCDfEgzQ8AUOvmUT0FoNd7G2e5tmczAHAZkqp/NqbmrClC7GLvE2BMA3RfoCyl/7Jsntw92VbIiTQ+JeTo5hmXWlLV30KbbeGY1kHM9f/PQTEiSqPYF6oA5AJ8AQCr0wBI9xRrpAIgP+RrdXcvQ5Uh3AswVbDdMtdfcEuDpsF58kc3IR9JSwNfdYOL2+7PvzXSP6mh1EcAgOR0Gc1nt1v3hMQY8+VOD9ouP7dJuvf6GthoxHW7f1ZjlHdzA/DNdu3pqkkb8ye7merEm739BHY6Y2o2SmmyFji55EcLLUO/eiroTNTLm3YRVIAZiiDR89dFZkMc9u3Y7t3ta7EmBGDn4M82u/lQsg1UAcg1uLoCwDBNhu/j2mX4TjUVAIbL18CmhXjX/Mm8+jGLVIywRmlZPoBFWMVbWcMAnLTP2N00M7hWBQB++kEhg9LcB+f5shTwtqjaSbKvj22fGgDk1ykbp9oB8PiVZQBAKp0UmUJeAXgcW4D4mAa0ZwHmVwDP8ygkeuakLpldDwSPSHN/9a+g45vHg33pd9ZcdYiX7xGwQbTpAAhNoOt/LoIqALmTDpoF6cZSCQDJrtMBagD5BLOy6zg/KMbDciujLGUbXyE6F6P4W7FQN2ABpAwdAFmQLD4NgKlNlZIsDk+UJv2LryNtT6qbXrhOcac68HWRn4Zo1806hYhrRv/snGB94zglz28OC+Dcj04pSX8pUFDr4hB9M1Mj4SPSXMb5txNYhDlKhVc4X8WkR408RoUTIs5Gsfb4PBHFUewNVQByNfU0hVemH7kNOAU3aqcEAF/BQqPlD6/zjx74iYkRxhf6bQEej9BufwGQ1N4MSCddLMjC23iYQteuUK5qS2QNe5ig+b8wcgC73/d37qtx6uxPvK7y50fHrfwKJD2Hs/9q1c36Hcrxu5O0bAms2CqdFKHNPJd5T+VCpoi0BBD/chYNOd+UvA3FesrfO93ifhUTFwNjxH0eD7p6mRoAchNUAaAAlSsDQMyF+wCcbqGtEgCqFiMtRrUlqIcN3be2P1zC3PWIl/yy4hzoxNfIHLkVAFo+eef05Hk/JVyMJjiUkkk3n7/Qxa7aAQGg6K5hzbS1BlJNdeHL/Q/WqWlnnG6+aKM60B0xV0aO6s/bL3Qq0E6345ApUOVsa8OItOQ1Tk2akq6AXPz+06qEh+REtWqNql4oajSaI+78NL4WM14knZtmn8RIFDtBFQCKjiK9AACtH8AZkNza0U4FAM35FmfLkgyP/SVoE38DADDU9evdZjSA5yPO/5E1i5wVuPBPh8kyAGrUAJLvwNm57m4F2vjwHsw8eXvowid2lvUEULy3UL/d+J39rPMAaBPceEhhACjSrV6dnrbsH+kegK8HGZ5v/cQgKCBliarf9Dsctiesomj3HXNEXWazUP9WdPMwY6Gmz0vycZnlTfJilXUBr5ScAlUAKJnIp/GDD2jPApDc7NhHBbCdG3MdZku1zGeYP4Jse7zoh64nTO4CvKm3bU8xJ1sK7thCnkYAniull3q1U+b7QRARSu3TcbOL8Z4AoJy+RZNEP/W3sUQFJXpbl2Lot/IZ7Yp/aX2SCTMcNKzE8GemoEDFu1/c/yqgmEpClB4t/v1oXwUAtXDCf/bYoplPx6xJ6G1bekpuyD+uoBsAuQuqAFCM46bZlS3ZjgWcXgY0VwBQzLEyYkoK+GR5IuwcYKN50emr1KImYpRUTa/+3QUpbuw3tomwCT/Apytc8hxTQHHQ7G4FH5gOj/0BwL2MZqN82HW5RgEIdyGqAMj9dptedGLabauhO/5eP21SvmaXCchmDBb8XYM+GV7Ot9Qd+RWyf7/vR0BWBu5riWgvNtHm8/+8kjJ/7srdR4QyKBmlAF3/cxtUAaCYRZIPAKppHM2jtTHu68coAUBi4LL1oCoitGsTGF0VQT16vT1q82yGsnlVRg320uVBAFxT3NRDbRZiPVl336X5Nd7tR30AVkn051UzULscqjRJBSUFtJ8E4dXL5VdjhReUkP4yEYB3zTsBun+7vmApkRANhcG35l6CYUFiZtJ0AFL2YwGGbHUge/oAanFyHwH3VJnBl/tzcRQQs9gj88MUEaVRHAGqAFCsp5hGD0gYeREA87TDeAUAuGtu01XYs3P/jFO4m6gin7qfRLTasPPRRiLqUvKs1KQXcI0v4NyftJOYaUw7HXZmMa2v7M+9rZVOxEIXdIGAZcppzCCqdxrnxSRSAgAAsW2y2BM+JTt9rPC1Uv3ZHcCNFX/Ks2awlxNJHLTtxIKMN4q1R+cZXG078WfNQf53XtIWYlbHEYcR6gFnovTtZu9wgVs5Ctto+MNPIkqjOARUAaBwJt9eAEDSui0AmLfycUqAzeeLVq167H4XN6mEMTvixyEzicjuU+JNFuN6XHfo0gvlf9ujBleXbgVvzWS2uYvLgSV/bZVNCpd72eL6mAH7sKoMANpN1Uy4U9nnfgDee20jMryWIvuznNr4zkt9Wqfs1Nvtqvu83qTbpz9NJ7PjEahnBA8KumrwRYp5nJ60t+jzA4UvNSEi0ZEYNWrm10uKpWfZfFrunLAVmQyJuXZVRGkUx4AqABS+uGvi21IP3wOY1IEXFEDRYpLEbb41s36r3v/YmF8KwMx0PeZj6BmO+NCfR1y6W137znvWWX9rSqzp0ViwTOslfwD87z4PG6hkzOZ7tY5qw5pqfMK1hYHaXiz9qOK7sJHbvrF9bABgUwA8gJFIzRkF9d8ptP/ek77h5QHgLCs9XHTmrBDbsx1I9EomJp37wcBl5O2IN0Hpz8N+k9pVuyDm6igSCw5tcZ+qU4LKdW0houjXX24VURrFQaAKAMVGXDX13MqwEoBJa3XC4zsjjR4FjCa0m9nhWHmNM5yWpHlFZ9StEXCjrvZ93f+lcgy8r265iQ10QkoIm6feFql/AxtHKqmrHMdu/RYA0PR8pT2BdXfUt3FcHXmHALfqBBm5YljJ0HPnNwCAticq7FUqIBl4Q96jGu7WtrHeIfByW8ZTvWKJ0iAi7dXwYT8F6K35VcOsSdpoPWlB5hLyioWkR5tFiytpUv9fxHIxRV+YbMz1g5LDoQoAhQzapzPjz4ExU35zISWow6mKejYA9Wi/SW6oFlJTV3u36IYuHxxrL9OtERCZ8rHOPMX31ldiNIYus8LswhoFAM2foHYJYh5sLhWBs1eNqSmGboYeQ77RHLR7dvVDZxX72gcAAmzflA8fmV6hSj3WaaXBBsCrgb0kEeXmfpFeqYFwwLqylWPsKXjOTGj3fDYAbDHQc4UmYuBzEaVRHAWqAFAI8bK/FJBEL56ogCcD6MeIxRfdWs9kP860OV7+WUalvk7znQDUuFMjRBuf5nlW5lgKAAAUB+KlfxdrVvCgDYOw2oW4UPpam6V2ro1cnhZn7LRPop5j5YGl6eViS/uqM3QD20PpmTLpmzdOEScNfDmjml6RoGzig9oPK9ksxijud284hAKAfPlCnSUzgIO7toso9Xn5Y34iiqM4ClQBoJDhnd8JbU0VN/QDtnTTu5b8E9HgvPb/JKQfl96kea1+p8YdrS1fvO+0ikvAQX4MHYqGDLYP5tRNj3ze2khxvskZLXG9aURBI6en3lanz1glCYvO8GnU/6gjlsywWpCKzRRDCgBQZgQBMtMNPqN3xY80AuDR4FplXca8IYQ9N4qM8OlAdkS+yFhm5t8ePeL4J6jkTsI+B/njKeIi5peMkpPxYg1qqukHdEf5EH5s8655X3d4UXdQ/WaNd5oj4rnxTVKM8zb0VTbmyABpaEw8H3FfTdbKC+bT2wreXi5r9LyTZjVOeB97S/pNiHEfy0Rv69b/pPfvY+9KB7eJynLlfsf0DMQNpy3Vv6Iq9l9nzVH9y/5MHACkXeP1EZrG+3nHU8IWnLYeNnZVx6fGVDGhuF/T9nKVlOwItQBQyJPp4a74kc5kx28UVO1elkzDtTc/9AKAD+0XchstKj/fbfTaPPoU3ocxR51+CC/AIzZQIWiKg7Dnq3YYv6J6WPUhC+cuA5XzV443ccvI9z8rRDxkZb+nlmTZK8bi29lDuoI4mSPSmP911R02Xi0t/DxNKZv/pRXiOOEX5v/K13IzUSgweY+YyYlCA4IaiiiO4jhQBYAiNPdAeP0HGl4PyKIBRN0ecbIt8H7MoO+5DbafdzVAnjRpgrKHHgxRNuUYrwj2tJWpmPkQ1BiLTZjVJ1QL7HRAgUW92Rp3FrZqpJu24qysihcAxIfAGf3NDx/9EExK5wOKel1MJhrWhRG87rbF8IKT3tgfmxwu3WyC4ktb6koap8IdT8uNREG56+DvxGtxmiHgOkEXHUp2gioAFPJI9e3wN+veIi+hXkhAcKaSNdfrjgn4n0JyuD1XfwMbqgHypmfqLem620WLctt5HV9OMCP1zdc9gJmtjIcqNvAupAm8YLq1CPv5ZnpGhzx3dv56L4Jxup2/ncpsKuBdrORE/Vpq2SOjRW+1pKtDFyaZiUj7pjR7pViGxnbmDQO0IpMxX9h4UA7It+8Vc/0/A7r+51aoAkAhTuAZDB+oe3Ot4a1a5hrzpMat2pkj1upWfSEH6vtki++0a2Osi5eWmd+OS3aAsmRSChrhzqjbALCxlLfRy1HpK0T++ptbR1fVFF2UNa2/fsTeUFe2fjEzIQAP/2Kkc1/I6/lYMGonztQu++Yj0vw6Q2//4HTbMCeny/3a/EgsytQRmN5cs/5HPRUjMuFYp1ciSKE4JNniZknJXtyOQqF0Y3LETSHWf6DWrfuZ1k4VSgkiSSgKF0bC01ptU45ab3mOFWgqj1p+BADsmG+5bb4Lak8nrX7n/O3gjea88X+8JJOePl1XNdGKGMHkyppt/UgLEWlKVs/F5OqTckDJHgu8idQicBDG7Nb+NclNW+4UvhzglReO4vpAER2qAFCII9VUxAMAnB0o1ONFkcElTBfjAdSs8EWB0iw3MY9nTRZb84G1NjCwV20BtlOA8MoAqt10Afw+FDDWoHavfzLeuONzXpm2IK+ziVKEalZyqw70vgeWYQpIACDWJ9BgX4Q1m0GSKQBAmne5nGHNN8xGjPpd96mVZY/5vi0m8N+1e/GPwgqgODA0DJBCHCdAl9T9YesIoR4vfCPanDdz+V/pq5hEgUTraEFikGHsrF7VfopXWtN2320SEjPzxB/AF/ecXwOIMdri5kuDt+5sPxNDSQB1zPv3CZIBvRffYlkuLgvvNZGj0as7Gpw+8U/mhvoLopNWwi+Tmnwvz9yQD8p34kWRGkUx7Y7ep9bxvwlOyYLKOzsw1ljxLkrugFoAKKSJf5teKJd9dMh4ZDkJyj6sfK6Fyas9jvyZfHWf0edZYswlM8xCJG5qN7U6a85DTkCeVAAwYRngNmYDTGTYN/GgnxmX8AS8ar9chZ9+4DoLRcAlALhf7aLh+bL1Xcsb5MRVhWW8TXyhu4H9rByzdyBsJ2FAlzF29Sc4/N7gA+jatZ37k/yC+X5A/vhmziusTLEaagHIXcScO2fVo6YtHF6DRppwNXbfQq61eblQ6UHLM6avdv5xYeexQm2aE8Zz6j72YaXLjyy3fExadPiNCgBmL3BG6ocRAC4ZbRVkxdTOnbsU0SL4XvyDqdOnc17/wQ5pAgDVrjU1PF/+mryiQVaAuTo9SXXu4vzN53XFi6QziDzMFPo7dJNNVY2UKsttzJBwcUYm/WPYvoPGEzSTQLU1iEwhZ0r2hCoAuYvnIZt/FVqGc3rZGqbvEUFD7Cs/aXPa3PWxjSZlF+cwv77db3+u/NdLC81OryYsN2JSfQCzJnsASTsqLAGMF9m9qDZ6Op27O3dvHJdHlnZgYJ++lXlNRKYEgLPIUtuwQo/HjS7rvU93jF+3zKX39RKNL2jfKne+5iU4EwWX37TpMw6wqYTP59leWXLy9RpffRrhtIc61GvOrBYz4JDiaNAtgFzFx5lzRtZKnimsEClwXXM0f5DAPszlXnW9ozuWZ330ko1QDflfttnhrImnwd26TzY736b7yMp8MT4QaLEzbz4AjNTdH8AeY/v7TY2c08HOg3TOheLqbsVwm3/J4/ksgOMdjWlA/uEVFnTJqDL5VPOycuqHAgCelj3TCgBQ+hsy7iaFfusRa0MhXuNxlFaiHFNuomuWs86jfxtRjdB2kyFOu87nE2JcSnaBWgByE4oCXRvnfTCrzW4hhdycBiQBAJbM2yykIADwvZv+t3TNkhwYcB5brxAR3zBxKNPzElOsk7kWttmXs/CuQyCAE746V4kvlwOBXAa41qJN2xqvpo790LRchWKAiv/85m+LSajVAAAgAElEQVQFcPl5SWPXyie0rpWx96E1Kk1NKwAAZZ62bvsAAOL7EXKX9zy2YhaZkTjjn39W1vUfcBm744YgxXo6BdD1P3dDLQC5CeefxwEyNjGf01fCCUl6DuQBgKUzRSiu8jkvq/X90uaZUbMAoAurc5r5Um6lAxsP1KT1Z2ne2bPbMNhqOpmhTfvTmdDW+NP7L0ncAOtc4NTaen4P+Bn8jeBsJiLNs1FQJV0ZQP0OAFCGvV71sT/7oej+FoRmImMZ1VLLzcjDDDWxP+ficrQhM3ceaXm9ojhpe5ScB1UAcg8peVZPAAB4xhaW9hFKilpXqlcRkSKUDD3c4wrJ+uo9+h3v2FsF5sGgaToVoKGHcGpI0RgBYrRPI37EsFO1jBeDkwT/yrHSgWlS3QCglcEaUNxZvsV3joWO8UrJtc69Vcql00lNBQCg3mcmIq3hhVn74kwUyKsfVLFNPsXfBKsDsJXyzBA+jURmFg/ZavriVVXZPCPzEr1fp+13lPKHFHtBFYDcw5C1urWj0Ou20u4C5Rd5+CUwH8CnJVxL3fCj4JtO0p66v4U9PexJOQCfh6wbrX1AHDJMONl1LDfhQ4F/Hh1ue6ugn5FLzqf3EhLyIXEwgK9rDzR44u/x3WqYtQonvYJzueUKhJcnNA8tkUDY4tdmItKaNTtQKMrAYS0qfbu94fJvCXt63Bz6q/jRgOZ9cyR3N7ac2ZPgrzb+G7IKHCUbQhWAXMOLkxPSj32Od1aWaCyIGBcA0wFcTl1lbDuTPCUOd1f10d4Xk9r9Uw4A8m6c/PsorQKSHZ9yKlVq+qz25RJ+Wa/ICf1i41cuBfDl/MxRGh+BR2/SXTdDY9z1vPJDYyEJjmil+qcnmTno0/YYzi8y7zLaY7/35VIZTQ4Wf1Zad+x0gnBxQPcNUzeN4aXBvpV4kZ1KOvl+6N9d1ZfceP81mUJuMEr2hDoB5haeNfq74fn0d6UOlxKmzkjSAWjyAFafbbLsK2FKHkr3W3fbs+0FAKDQyqtrNKeuizQLwjTsdeX1V3s0aQzCtmUkg2O2PiMxfOLypQBqrs0SpfkDsEkXdPdkTwCjM4R/2r17bwArY+ot7N1PgPUfeTqsPp0lAjATPa6EfRed/q7bf2UidMcuPS2EKXKm4PJb/KIBQ8MJz0SPkof6bTlJarDInaS8JinZF2oByCW8qrOjzQu/hR10VuvSpc02583n6cAFdwBZwpmFw2foPG0RG0lv9qkfAKDw+q4flgC41vCueBMhSqN69Y4Mrz0bgPe9oPRwCq/p9wmkVliSuAzAU5esSWD8fV9rXDgR/9v6TRGaPI7770qf+Q5Rkjb76+OmmhRvrqwQAKBRPXz1T7ojQNej/vPGaHLkKa4Sf5IptLb3+0o8to+kvHwHfh9pVTOfyNSyJ9rxEZCF9z3G0wwAFKoA5A4iSx3oilIfw+uGCpmaD4ArgLJiP1lscJFpA7ecytd5qYkky3fGeQlws+E9I9GB2QNpmdFDh9fosgieKwfV0hUBkJYnUFxp5GYAeGpUk3gNTC1ZA1AUXBvuAcg7SuB89J2MzSPohs7Oy5JEKyoGSoekFGqb/gzc4ePuIimuAC5PEiBVXr6DyMuYDscgyZp9cusUABTHy1Ltl9a03NASH7z+EDASiJJdoApA7uDztu4A8tUNrvawkpByFPkBkDbHWsSZZVTaRCm1T5SK1BgfZB0YANl3/Qfg7LwHzOLNwyV/dqp3Q3uOtfnTXTUZgKn1HyyD8GSg5Oul3+PXccDyqbbKs4bQBFix/gPMd9+NZHReHU4eY5RuCienK02fmIgPsAl3pLqqhwswcGZ+maiy3oBRkg2pdTfAZpkpK4bYPAYl+0N9AHIFYRW1CVbqXK2szeouTNEzJwD3fSF6Al7VluXahbHdsRKRmqNjLMuy2Xn9BwCw8YHMKQR69tZmAHDpZlNFYFXipskAcIU1s5OQtpR5Xeb91wOuprCsKOs/lweR30dUT0wPMP1+Tfce3ZY9KCfEnACXj4EMsT13Eyg/rp+Ywuk2XPP6fOatjVKjfDJnVaDkSqgFIFew9XQr7VGD9ZVDPUsCH+oJkurkMYBUvC0htuu908NBG4ZpjNQdAn0iRXRAEJz8B8L9T5U6PWXqYncA6nDbfrPHuwDAb5UbmWvUCkD5yQrgpTpPKVukWUuCFbWG0vn9p3Flp2jTPmHcOCHmoyPfgXD/k6UEXSufVlwaw3F3pd7+wBI2fsWLH+lsU39KDoEqALkCvdzmjavfG3BFLls+nlhCGX2qAtNKPy8jfoIxj80TW1TRHHY8WUJIdzWROSXzqxAeVuFqvwsrJntA/ff/ZtqwB3D1YxcA+K+rsYtSl883wTAAsN5HzWrKAva/5C1cQWcdMfObclkDp3+atWa8m+V2JKhw/7F/SA0OHbhWAyzEJ5dipxMlrpSwQTULBV3/KQBVAHIfAdW+KqmSqKc0FEpAh49lAzsKNbhpCvf93xxt6pa2xzatFH8CAiGN/nEC4xryaeLQKU5T3dhxoQ94u1gGR30JAH+XMPr4/2/0rfmFmqmY022A9un7AyWUInh0Pl4XySlfs8f8OSvK9xdqNoZUqRJabW9F6zfdAzhGARQuzHFCAIB2l19M/x/vSlvB9WzaRqLkHKgCkOtQKvUzAOx8M4Pg2H8CQDChQCWOND85cb32sEXHPvXsMQUhaKmsxTqPbCy7dg1zP66a18vr9txt/FzeQkbeAYA/e2RZouJ+A2Qz79z/tkheTSGnjKdYc2UASfH+Fyi59cg//2OZ6InCzCYLVZ+8qb5osLWrrU3VAK2ncUOnHl9M5Jn/8MDNWmRnQ8muUAUgl9M7z1VX2cS6hEY7AGz2aGWpqL0weKzq2f6E5tA1pOZlYfIc2gFpBeBgmqR7FWD159OP0e7uJz4KwNupL+4AmDPVJdP6vzrQOfDXQQp8xxQtDYDrWmw7H7z2d+FaRbBAgVRXZoLldkQoVzbhiO+HApYbciK67R+2/OycenVeVeYdr65nfhKw2uGi6XRNyUbQf1Yux43F8zKjCA229AAw8/0toyVdhUd6qG4nrfNBjeyY/9cMefMiP4s/v97c2RmSgjyM8irND73Kfb1zajiF+wPQxaB9yHAuEPXjS1nr05O7zujCMhP39RJgOkZgPL9SFST7oagl2Geb2i31mJvKtD/OvePZNi8JV07Q524O++nlcGgYYE7n7F8WGiSVOducjCjFZ+CHd6z9zIvBH78hWS7X0RiwqPURAOpYrh3lTaQA0L93+vofF5swvn6PLyZeZFk20z0gXyTgz1kEfyJ9yqfw0hnZ6N7/Ep+NKQayC5t2T0wjM1hqYq32q1nbtZel7KeBnA0291s/FVJDF72EEsUWqAUgp1NqkPsXZhs8nNGSkKi/lgD2tbxfGb1TwOJ/9ib+wjEAqFH7M6cnuE9xK68AGFjjG83WQfRHJrbJUmWRKyYc79IAiJjLcd2/Hc7IefX0elFXUlG0eI9Zs5aOqPelsqLNA6W9/iuiFyHPmyujfxxdnFNABBt2mEAu6QziPqj1n/mdX9ICA9kJqgA4AEmRAkYal73UXOlt4PJv+D+/VS+YkKSYcKCZ0QAz0WDmzOxmpqRsNuefdgwANJjCxcqqDL45DgC6zy8N4AIgm9mngPqW43iBLUHi5fb8upa6cqeCiM4eP8adDOlzxMt8EWhL1QCvKsOP9B9ntuQyF1YdWVBvFIe7OLtv6X5SsgEAp/ttc9MLTJVdNt2U4nhQBcAB+PCfkHU5S5973+hCs4z36q36D8lXG/GJQzbKvcXARUJj8aVgrWkrSXtrOQovdu7V/FyVHOrUHkgcAgAljuf3CbvJKAcHKZTzmzjYxt+LJH+ePcuXf1TpohiBChoK9cfjD3X/ljc08wwdmsecAnDrad+r5X/LWoOJN3n6tPo+1YdDkeC+r3zJSQfQrJ/SQPrX1AcgO0EVAAfASdh9s7Jln5Y9m2HmX/lZ79rF5sTWf7gCIFCpxibcRq0fuUOsOsQi8+S7ItqjOcus7HIyXJPu6VmZ06nqmUfLq17zjh0Xksb8dbaKEeWWtBfRnOGPMOZe1wGqmaaUKDPVAGPXy2YEmSjBwJ/Caz+XUXxtbesFw8iu//BeX82gXgLXeA6KXaEKQG6gTES58+mOfgY3gBBy6/+z8ZkHtwcu4xP9X9t7EoLwst1t7ZP/MhfrFIDQVZcjNEeTMTwNowpY9+Qv+i3c2RaJZeMf1yb3JbaCCijTQjahbsA2jv1GRB1dN2CkABtURYok5/n72w5WtV00j3gNkAINm+ib/e39CEDhBFUA7IO+nYxRA2phrbJln5bFYyN21iMTYgxPMPwNeCm3gM+WmwmN09xUG/4IxyXa74SuCqxzCeDOyy8tdIgpCgCQKXCjLssgr9WSyl2vz2+K3GEZAO8r2ZQ5On+Dq1WMfbeFQ1IIf2i/YqwV7pIsmMtNAbCsUP5xbuzrkqfaWNNyrgA/jX0GuampD0C2gioAduGNb+/k9DdOyY/PRpwQtn5NGTao4iN9B+ZPeRkgsOsbg0Skip4DmUQpvyzrD6sCrR1ic3mpU4F4e8+BPO82avIrBt8e4RSdZCEMIEXd+joA4JuCPwNcnfpF8+O+Xy20KqBaa2Pm6AaXpv0XK7Lvp/YzmnrVc68CQIZ0J73fQBwA5xrlpVA9rARBP1ff56VP185vqZVyhCCqnUP86im8oAqAXWCnL9T75GP2jxZeZKOLlfQ1gJ9bNseJzhGG7kgbSv5WcVKhOXz20FVVAOwWqUKLBRYvieWVYN2RkdfQPloV+6NezW15zT3IqZ4575kOABhXYpIj/8DZsMNVAUhszt3QpMnBwtHmne8FYiUWrgFkP2r+H08VjOSFa2Hdjoay6lIF8M1sMSbi9+BQmzvV8UlhJkvk50XSKwKIfvOZAYp7aN+9KEXjALMRjnx/yMHkx7zpGTZZuSjZa5peqRRUKD3esHuNSykdwgwLvcVc2oAZyXOXT+WRKOwSgMWO4n23uckZgo7WDsG5sdpwN99FlyoOHGSy3eN4Say20tuAng2LiTAz3rD/LDoIgL1AYKzuB4sF+drFwXE2AFTTHD9McJKEuTA6kzh7nlCGLWuoXLlNjaDCKc+6mW5yTbVGgMX5pd8OqeRq0Yla5X9EIIcYFYq9oQqAXfCY+dPiuRyrgNtMo+vRjZ6U076pHuZf8Y3hKhk9ubUHkGfO4qWzuYcltATQydP2SRJheJ6v/nRId3f+dAjTHVXf3cuMoWW/Ls37daWX8HV8bYLt88oXgKLPCwKDdbv0eMnvIhXiyYpW5eoKwCuPvepQ1b31rtHKmqavx+8dI4CG/qTNge5Ah3nLZ2gW/iIW2lMcCrp9Yx/y/igXq5hZBvW+CCz/TPemwvPHew1TAL1sNdoFgMeshEnWhpml8z8AO6yvmSo0/Ub35FcnxVHZhXTbTdGm82Fih+Pdig1XNUdnn9Rr5ODrPxYN98X5d8BQGwrbZ9BkYM+v40gMZCMq0YsppVOr49kpO6KMXbkyLRUJoytWEkDo7bXdAeRb8GZqTnS9zfFQC4CdcF82qGHbBWJL7Xi4bKTO29DvQ0S9W7UAVdfJrQEAzPDA7R4A8i5Teao4pir9G8CB22//4lgMXSic+smLJTiKPYIA24Zm+Ixi8HnE7jDymDnY4/0+zdGObnkdX7NfOjcVCCtJLOxQOji1cNf/yIyVXWl5sdmpR0ayDN7v7QqF/wRBfp2aAAyP9W1UdDHJftD/mb2Q/g+MepHYUrscKvFeZ6QrUPdyHAApjmkSBdZjN3mmOQPIA5ZRcXJdWnoIwCFgX4tzZOfLF2awMl+aiVz32ZDrn/Ss/rKKjGp8Fnfu5T9oD+qQSu0sLD/NYAFIGLBqXGz+kkB9Gmb06DE5MgKUA3lPxeRPymroZ70gL7JVGO1c6/Egs9v+C8UGHP9BIQfDblqYKLbB8IsD3zDpNc0atwW+QfpvGKN+d9FeUy1aysEzcdsM4Ef2TrEROP8V80fCB2KztYFh38ZYbpRN2HTIwLFqll+8q94PN/HjpysM8wMAtPi2hyJ7rP/Kx7pvoWsjRJGqIL1hjDdPh9ocEjiqTuu/tSeTubbS8TEucNk8VFjRuVz1yqZQBcCePHdqtV9tuRlRuh9d56q/Qm+fiXbpzuIjNrs+jwMAp5hPD6we8nMcgAaovnTYHmz+EL2u0M3wN8Tmy5sOPka3Q7MhyU9CDL0yFxRWPtc+ziVGvKlVwLMJAGDd8rXr9hOw6YlwU/g8W5q+YIx+OJtY+Yb1/Qc945ON6o2Z6LlsxtBj0zs8TzA45RTiFYXhqY8S7TQlisNCtwDsSd6Zg/qr+4v9T/iW6bJfz163oFLNimG+WrPhcPe9T1YUBOC5xPoBg6cCx9sD9apcOZD3+uiCrcPS/hOvUrspup4oHuHofnBWkbBSmikuc+CgX345DeCKVHJlgvbchmLSLmTkJd0iM445rinX6nQaKS79XJrYwCv2rfGayD0dhe9JYjOwP0v3bJLqRRkjMajHq1LHsf3Y+hzkFkMhAlUA7IvvnmbJHpEiu86NyTNsSJv0hy6nAcCB4bp9w/7y9T8s4RbKE38GQHsAlSPKnbp9be0v9evDTDSSaLQLLPfYH/jXTGR0tiA8eX7mPL6Xm+Biisq5k+799wNT6xKLKo0eRWokk8T/PVr7hZNdVH4+sZ7cyJJ+Heet+JF7KHpbXtJON3aM1FeZ6Nflp8U1+6S/fcbGVw9sv+byFhqiR8kEVQDsjM/lBKaa2PbH/o3/ObRFf8FwWbhap4Q4j/k1htONInnmBiAEAFA2ssSpMezwnZ4OoQCg46mKYRXQPbtvTlaclSWP/3VAL4LkuSJfUYLyhN8BSBhTV5eUUvJjxPzmRPMV5VswcWrp8SRHNE05B016k3dq7Oi7i3XvZK2iT7RbePiEwHWy6VqSDaH/NHtTXNgiAEZxLjd1Vt1QvRNju6nSrRAu/lW4JFZXdD8JXSwQir8tfuTbpGo17b8BAABoc8L/STksmGPvediGh8G7V7M8Ifsl/e3uL5RqkdPg246iwgQJIF8zFWCcy97/P3tnHRBF+sbx72wQIqAiIoqCmAjY3d0dZ3efnmefeurZit119tlxdpydZ6Ki2EoZYCApsTW/P3YXNmZ3Z2Zngfv5fv5x5523dh3med73fWKe5RZccF6pclGOy5KMBj5ZMAYvXF1POkhnqj/HDne9HbZkRpqNko5ru6X7/GWbAQg2hCgAPybiBcm6HlN2umv+tsu4pAylzwGI1O6Eer7b13rixLblQyy2o4Bj7TiMw4tmRxJBU/9xBSCTedNcJLoGnHWu2yzBnC3ReKTRTwAK3tREod01nUBTqgkCd/pfw56mZm0dAADyG0Ae2lb7YA4lNMuFA5RoB7IwkxRBCIgXQA4gamE2DLp6NJWcKehr2Gf4BkKVyOGPON0eCHyb6cWVa+IWJU54tUpON9MIAGg6+mfqFfuBeEAnoWDlJ6huYT9YmZPPCBLjExISElJzUxRFUdOQqJb/Pw8d2u0NTV//T75u07UeaVIgl+cOv0U2GEN2gerKYcU7LAuD9mcZdPzAnYk00j2BCrE2e8bb/53/s2a8eyOTviV/+i8+kj8uZAcgByDmkXzHelbmH1VkqnblPkLkEO6s1uRTNzzmEDK8NoBlvpnX+aKXvy2FU3MG1Bhl6QVcYNk+hqBlAvK90v0ad8o9ud0s3myi1FI5JYcRA7FGQX/bNlMgyaYJ5mxtkurz52D1OCJADIyxUJ0X0rNRg9+UsFxPyyVbTCK7cf2w1fViIwnQaZUNj/87HliliWf2eO5SoC5ZU/6XIApADkCSPQF0p3+ftnScVvgNc94bFpQPAJ4/2WwxsXgGYVKgm69uScEgAJgeP2H9z+a3dlXbj2+0bQpXhyG/Dqt8P/BBpwNDzVVrZNNJWMW7EXqXGzxUytK2zriguA0stqFOFBYzGElPJIAs5qHqJWD2/4Y/Rce3OOJpFC/RFLKszsyVJRSa1sXvbG50C7JpbsyuXTUfJDNtOQzBFhAFIFtIPK1zIfp6q0BKWxub6DLhNHP24ilaKd0zfe2UoDxA6oGe7Kfy/Ofb6BFUhOFOnkUTV/j8xHAjgw3Hdtg4hbvk17vHT819UWbf6WY+mqLbMSIAslY5eNGvy8VTmg+XHAAoqtnIjkuP5G5AZ9t5tz1ve+O46I06E9ZJADiZt7ZNBkrZ7lnjWl2bdJ3BdeGcL21DmWdxtfsuJFF6CSYgCkC2kHB7ZGYMYFH0+/Lp2fIicZ05caKPNiuh/c+rpwYmINKF9bIJeHAFKMAk/4F8QQklEgebbrpsSrTNvR/t61acNsr/bXH09wGA6D25t90BAMx2U/gKFDbHljw9CiBSBihLZ92gFAAbBqh++PaZ/pq/beCQhgE2GEhRvczb4pcasqrL15vvULkcrgDAD48q/EIUAIIJiAKQPQSU1LlweVrSZEXb4rxU6arU2ks7jJvz83t72on96jhkAQBTFoz586fkooeYbDs+NSvenbnnK1wXRXpP2VUC6C07qC2eARRqM6RKFkzAKr4cA1KyOtQMBVvGdQ9ZYLTn/2R0E68lNnBlVML3TYnOfwRarnlq7RJ+Q9j/ByzeyoeU77zI13I9wo8IsdjIFsRDLupcqbI6H0AmTi70xAwrbPFMZeH87uzl/7MKTwHatBx3TB9KnTZxbzA07b5RFEXFsx6TK7lc6El1cCcVXex2H9S98XFTVeqDzYYVhNCGAHJkqDnePKsQCgB/0ioVnTqYprd86APgwnZf20jS4vSEci8tV3sTmdMX8tZQjh5aPAfk5iDkRMgOQLZQKLzYhcbZPQkNColkrPb1y0kfjPEHYPZb2NHvi5xpwXBDOfaydpGZjwYO5o1jb3fIGTq++V215VzDUh+PUQCw7ap4KwCvD87OQIpdzvwr+BiIzESNDHyX2cRuxBW4V8oWHQN45g+gT6GFAAVQKqji0nfubC86ikRQMptE1avxb5nnhSyFwBdljxVultHsbO+rOdnXlZBtkB2A7MHneZPLb7N7EmrE8ec2hSl5NAwD8OsF83W8Xrc8b1yaNi9Ob13W9UBeW+buzbMLAFBpyZoNx9WqzoDtW+aNA1DYBcDmKBuOzR86HMAY0+/thIH5wl99tcnQhulkheKpP4DROzIPjS5cdAaOrQ/qDKCzbbaBal4+6PrJJj0DEOcozSFM/U+48Z3mV4j8JzCRM9c+PwBlHj9t9MQWtk/ccd1xqc3cTpybXW4EzB1nqVaJl6VPeVTOvH4WWxepK7+s13/wuh4ocLuIzWIiy/8FgDPOetbmU7/Ry4Gyb4vDMWdqwYo6wLyJD0waKuyv2f3f6Ptj/GwQS4GPOsiCZwHApMqtdXb76bn5ARSc9DLuEk5MmWkTr5AGDSoUDPcRuteQRAqQht/ITQOokjNOEIrTAPCmJBH2BLYQBSC7CAz0C7yXM8zQPHrU8tnTg2urRgDaWj6hLvX8a5XbmY4FonqnWi39MscwvU3Xq48Xr7WVV+CfIwHApZZ+ab7fflp28FmvbX42GtVa9gNoL61q8m0u6eIF2e3TR6uozHpbcuUU8IdtfpIHlYEJE/QSTUnl6n9Lb6oSjw1tWzE1s562x4odqu5lpgKnt+AhJQBp56sKAJ9kchqSbbd8VAAa2NirlSXLT1muQyCoIQpA9lH+QaVFbXKG+PGOKSjmKEb2AVjDJtZaGYQG3MwQvmU+Fgr6Osf4ULZeLWrANtu8QefMAHDVx9tQlHp4rI29dGfU+hya0a0PsMWM8faLQRGAXb3yH+xKhvm3FW7YNkAFo/CDQnCnP4ASuvLfLnaO9jSg+NPCwL6yPrYYGGj38lbf/aZTXD79mUNSis1DXssAPPMDgJ1eFAC/zwAkF4bXVLgP4e1RKAS7egOgcopxEeE/AFEAspGKscFlhd+c5IVHguvhoVzeHDv7ASuHszsC9Q8NyNwD8PzksZnJKEsyMDXOJgrA/BkALtYD/upjeMv9G3DpM//9W1t6b8wDUNjMBkvE6aIA4OqKuOQiP42vJtS4xcJtdALw9gXQt79OAf3ta++MLbBCMQXxl80S+JQqISuQbDLg9pvzHE6fOnTSCV+hDoGRPz8AeHeFvesl1ZnrPOdoPUnOvQFIbXSAQ/h/hCgA2Um+pmeLfSiUIzK6uNBhxa/WY18/HIAzWxMo/9AARHhrLgp88vDQCcLzdfNk9QdRfgAIK443xdlPwzLzpgH4pxGQnBtGGsBDCugaw9sI0IbxcubMALY1N1cjv/axyZOHflz+UXlhxp0QbiO95movoO4O3RKH/U/yZz5B+QGUj2IOKmU9oiFpuU1GN6DcLf8F7u6NRhcB9TwZsXcHlLT4SgVbhlEwS24A9gdXzM+e0Qn/RXKm/dOPQ/Ozhd8nfssRVju+r+tfY1uXXjYT2DyAdd/+9EWfCO1FgQ/DHwBIVF9Jp2xIUkscCsC34v/eKRHLul+L7KOmATjTDIBTfN/dRvdpIIa/AnbJZqqbIgFmZA2AJy2dda7KXRHK0F0GrO5quRpnHjcAYPh8xemoGuJ4ALaLB4Ff6NGUKYXNwt9fXCjVfGMsfdF8LQAQiWH/hJ5X33NKsg2VQ9OoRFRizP9X5AiCTSEKQDbT/PiGJfttnd+FHSVC699gVzNty3ig+iAunTc6VyxjoV3ofSVAqTlwcP3yyeUfAEh5C4AOqlluhGD6kOpIDwDLj6lDEbh+nHfIcHGrsOjGkD1sXQrXU2aCFSveni+jV9CcwfmLB3FxwHdBetKHfg9gikFhdH1dGwdqBFAuxQZja1k5pltEEtMNSy/BWfuv/3ONbdzqmgGYejXcoem+8KxX68dPthNJbOXDSfh/hCgA2U3bubPnNMjuSajxf1L34mM2Fd8OATCTW+dNL3nf1RNS2pd//j9etepjKk0AACAASURBVDoJ4OGHAgAuBU91Fyw78tFOALaM0Zp4eZ5dZKgBSKYiJ56DxYYD5czZxH/peP/2TZ1r5SRhEits3YXqtjAiO9YaWGa4N02v1j23cBkL4F8bjJ3B0k4rVjFoGAm3LbRbMacOx5Ec/jgg8j0dzLGV1SyAOOR+Vg9K+C9DFABCJgGPJeUfWq6WfgbAaaYIf+ZoeD2iTWTmJXUgQ9co+bbtsQOHD/XOB+T+LaHNRKH2MHd1BrB/YGZB0cNjDS2knLYCR+UCDSgUnxcsBFabqyEdUk8+YOu5zIKftOEALu8/cOAA7wOB3IC3DXxT93QENo00LJXqb5N7LAeaCj92JqJes74tNl4gv6KL8e3xRpqpO0V6vnCtciSEb8f8kEvsxwbYxIWD8H9Kzlv8ELKRQNypFFzJQiX5zIXA5QacO69DS1r9k+GOLbr6T8bJh2/XDq9lfoUB2LPL3saK3X0AHOqoW1Sk65zZ+pUcagEj+uQwT8AvSwGYs+pTzC1fC5dTSy6VtSsLAF/maVbXd25MeK4SXxxRcxyvGHWPjgHL+TS0QC8A1ewMCpWL9L1IXaraYGR9XGdO/M17jGFpfVOxlBaUsGAOcTDQtAtJ6dIvYyos7iioRaslFtihLjEBILCHKAAEPardqxxiwSRBshAAn2jxVCdFkS8ZC5SA+nVqaj9vP8gmogA3/uoLYE8nfTu9BbnspulXUwI5wg1Dhy9jAJiNjSx+GwQUxmfRI/9Bi/Kh2/HVmmV7aJ2vboBPz4nN8jYdxn3kD2cAGwRkXATgL6Owl6olqwwKhB/ZEOclyjwKQ29DE35zO08dSLbQnflsgKVKxZ6OykoFIFdIeaRn4XiE/zxEASDoU+VOeXwqYK6GCEAwPzHxk9w9UWu9nu+pP7RRENhnIGTN7r4AthnGN3SkKeUfgo3R5aBNVAf5BQDu5mzIRJPsAcAdjc833QKMTM244eEGwN5+k0ruKB7McVzHUDNmh1awcAqwrbdRMT3wF/0CYX9MirG73KAp0TjNaJSZipcbIWk/vzEyyWf8rW2KB85XzNoRCf9tiAJAMKAafcIjxkxIniIALls6JjBFL7S5pk37Vpa+UiysGAAoKxp56FsHnXKyN4Bt/RlulSnFOeqxKRKE6kiPtMJApZtzitfaIDcZaSFI+8EVn3VC3N0aqHG1oMTi5Nz5OCZ4SEmALXzYlfEAkr5rDt9pFwkApKRT6bKUdPVVWioASOIBJClpOrcdAKRb5xEgSU5IZFzai764jz/cQkYlA4lJCkCSlJBk6LMnFt1rdLtSSryFH8MuLc5CKm8KNACK4r65IaIAWiVdMgteL9mu6kWx+K7+Lo45IzsBIadDFACCEW2PFTS9B/DN9z3q8Dc579VrXskQ7Zlrgwu+4T5A8qi6a3l3yMj1+gCwvR/TvRfCDWObXHBvAOx2mDdv+uI9C6oz1viQ+bHqtseNMpehNXe+9NJeOb08nsrpPFg8ezYwgRZ6U+P7kiD4jE3WBv1NnlIAAG6ds1PeWKxInuwB4MUuRwBw6rkHyxRIGVIGAF7utOo0W/zQw5NZ7IqWiHd0npg3EdgfrAT1KbTdIoMazr9hwZJzJy2OIbli78BCYRJFRjZP5aICOACSfY8AzFQ4LYFqAeuGdr/+9VAJIK1bzsgyQsjpEAWAYEy7kx53CzIHZfs44hpaLfK3ovPfc/X7U7tobXy52F2ZZK/3DCv6Y+BiEwAbnHsK22sWERoITMwLYA76XbuOey6ljarcOpr5uUpgio6grFHqe8ZxilvEQ4P8RyyYLvihxq2ZQL7RhqWNG0MVqz2MqVBB/e/hPcg8nym3xLpxj5Y1bafSPqmhV+BCDK8D4OPZgYa33/52qwarMWTTWCkpb7a2DOCiLD6gIY0Ynl/hzW4WOjyONhs9kkDQhygABAZaX372+3amY/7IP44DAdbIf2C04+hVWg2gwfVEoF11YZfSl5sA2DAwh5n2s6UbgBbqI5hixbAirtoReUMD164uOp8DJu3LiMgYd8Gxzv7chTVi3y5TOF353trywFIAOwXfOo67CuBPpjtyo2B5gkbPk5tx7iz258dyxzTjGdd7UPlhBbZjsFIA8jdf5zuRpcd12H2K6npNhq51+Ty/xr8pgWAGogAQmGigFPc8wHAMELYDwFjr+hYPwpDteTQXXEOssOCfFgDW9/+Pyv8zUcD0zA3cu82eik+NrmQmTc64gloFIHFsmY5/qmQVl8p7FgHSR5fUehJeaoxlslaBFkZeAqCmoa+etXyfsQa4z2gyQpt1dLAtxYuHa5z/txsaPr44NeE+S/nPljz1Kwz7nc1G/iJasnNGWVUY78AEBAIniAJAYETcU+aR6GxYGjUDgOm0aiyRDkmt8kxoSZPBuRYAFg+xzfm8PrYI9XYjGZOm6f44ZeGdOqy1U2tGgwYAHiWmz1F/UnhOkAD4JD5ftMeeXx7UmaT9677+Op/qable8r/M/uh/ACfN5B/mhaz7ScCEX6n9DsZiwTB/Ou8T4QM7AAP6NtErj/Q7+9VN8Lm47iiZZiHAwq3lItWFsPQ++cg7mZBlkIeNwIxoYLqLzGAVHeMNIMn6SL3isd/tA55Y3Q0jl5oDmG6zxLJ6xAjvBbhrPuBoIKcdHPbRKS798Zh5Df+aUisACrf1EgAogO7dZ1KeHzPM+Y7MHOeM+nLJXHv/UNMj1wCQV/DIoCdhMqkRlVfowfRQWTDPKwDUfl4GiS56p+YxPqdtcopuH0UpzMR2pAA8KasSkcishCyFPHAEU4xYV9cgf1o8gEqCbK1Po0vVsUne8suNAcycbbGeIAi/y0DHA61nGhWLxM40fXck9SGB0TdO7SamGjw8o2TmHFGmW31ypDMACabRAXWoTUY+b2q63QGOcjcaNI/cHigZZoPQQizoZuHIgwZa+D1LtkeijqYQ7Xm6pY3mQzPK/4T45E1U/WrzaJoOEEnI65iQtZAnjmCSEbd/7aCbPu2pHzD4qr0wnR8OGCF82rnwm40ATBMu1A97YoVIZJe26Regs4mbVa8dWzerTVSi0Y3pe9X/huhk05324av2Y8r7DBe0fTc+R05nTBQQJwXqevKZszn8AWzIuQfas/7d7/y+9O2NGWaAnwqdtJX8ZyD+zds3eVYsiPx89e7UrBuVQMiEHAEQzLBi/pjFmT7/AQDG5Baq79Wz/pjhIlRnakIDAWC5UbD3rOBIDaNYt9x5ORzAAJO327XDX6sdWysNFuqa/Q5J1y3jdUpHauPY3Z5a4lNGPAH3ecxdb9sN/FSN+4zNEu4KdPPm1CTEXAoEoUmvW7N68WXDh4v6qbXacN+zWeZF9y8k+x1LKc/xS390T5s34V8AoGqaqUogmIbsABDMMcF/6hFtxrNrAOYIt50rneoyx1KsdW4EBwJYfO1nQTtlS8PC1veRdA7AWbNV+kyrn95jxyGmDLaiAXqnMxmxFcpe8axx6KD5PM8RjyGwFx6A5/3vo+cibsHwBba/N8/FI2mtzp+6POKOOqTjS99TWSP/3xw8dKC2IqnV5L4DeKY/1KpqO7srUlOVta4JNjXCjwXZASCYw27Y+9XXlwEAzjcD5o0WbAMAyDVhwYQ1Aj6Ad38CMGO4uRleqWgq8ZvVCJH0JWUScKW++TqujXEzIa3KshZ+RrcUvyrlwzK+YEawhoIFEZbypfzSLkVNdho14TAcbp3mM2cz3LsGFDI9qPzIT8aFWbkBgJLXbxTKFSjfqFo1F8Azf57LcQ5cuTdxCS3+c0FppTYNhlXs7hfjASDC559mAvRG+PEgCgDBLE6ll3XreATA2ZYA3AWU/0CuGWNaXBCstwcdPwLDfzfr6RY6tuxuwQYE5v4uqBtA2nAAZSzX8/LCl4dleyt2G+zfucdINtcv6zsXAFbq3SkG+utF796Kvcwdfuh1A0jzO8p8ly+PlgOYZfq+6hiDApCleHdOsMuH1p3aIWonEPWPreX/8/m78O7dVlmv/MKYj24foHbJ9Q5bRhQAAh/IEQDBAnZHbncD8AnA5CHCdi1d6yKY43lo5Y9Ai/Xmwwv8/PCpxmdOEITTXgAA1FHgkZk0TDrkbyr/y1vcSr9Q7OE26f6eedQWHKbGqPCaCqQybDgpt5/kf6WY0C5kNwAohLBi1OF5xUcAbS7Po20T1hx5ZrGKwsEjb4WPTdsBfw3E05aC20Dq4U5RZQfT9GrPvB4eArmP3NC65BYk73ECL8iDQ7BI9LW+8oP9AVbBzLjxdw3qN0Hyzz0JBND8jIVaIjyi/6H2CTEgILQES3cASrAOsiDBQjq9NrUzWS8lISUBnbS+5oJPNIU4hOoFw5HgmB+jh0GEL1AhVSxsHsCPZQFwT4InHAp2g8d60vTxHthGBTywFCqRJ4nxycepOlVb0TRdH6CDhXN/FWk3cLPzdyb8lyEKAMEy0cWG/QRgrg263pP+ZhHbbKdmeFIOwC/m7ec03LjY4+8I60cUHgcAW0pwaXHx5scXi/M8eq9fmvv+rfsFgPiFwDCpbuZA4MjHeBgRWQzAUaGX45EARmZrZHp2xzM0gLZ7NgFLBfDiMOL727fvXJfPv/X2xj1t3MOKQ4V3fyUQ+EEUAAILZrWAcUaX72+F6Npu65t11moALx+VAzBzMavKxxtPVRa7EGLlkEZEJViuY5a3/kAP5hSMpvGcP+tmaJHgfxl8+/Ns/uuvRY4Kr3c6ZfTtdUb1XvsAmCiocQeAK7WA2Ytzfj6GJ2qNaAiOxi4U+AwE9/69u27JzQsHZ81foHPStabQ9DiBByIQeEIUAIJlFBu7ARhsUPpNGKMx16AXK63bFX3RtyKA+eNZhSja3x5Nuj6RVjhu+YiYEzc+W9nB+qfoE8QjaE6t3pcS7k8+aryszNe7twskew/oFNEOxnZ38wFMmix0+PuGADqySpWXvZS7CgC47Nz+t8TFAmxFafl46NDxaorEinP7Duiif0cyNe9z4cYhEKyBeAEQLEMNB4B5xXrqldICHWbmCxo+w0R4Gla8GHUXGDCVnYfCwe6AAgF49t7/pel88Syx0+4yJy91uf3QUwWAHshTlN69BRThugGgpiFqRm65VDR/f6abzdxals24ELU1OmK4+RAYMSWPYbGV7AewRujMQjahEgCcbRkJlxlTphSxMtGlhrUpkosdaylelGa869ho0TbbpkEgEFhCFACCZfoCuFhBlJfqoVtaaJhA3efZ7pe6jHfr8F4PgBJr2a029/ZMdIEMgJ/fudJ9Vlr3Hj52om9Kh94A4DjUziGwtBKQ7K1dTQWopht76Zvnbpd3aPk735k4lpmZZJ/vcrdWxrfyXvZ/nSH1f5Yb3r7dOgF9lgltAPBXX2DVsP/Oy+V4RFHAeaE8n2KitV09nSeS7PiW3jOvaX+Uao1q3TVKtEkgZAP/nb9RQrbRew9wthGQ4Ep11ymWCBZUxyGcopbybBvtCwCv2VXe31Nmh82tAQBN6U35QLM0FTPmdSkAWzTNxZ7I6+4OAKOGAxDfKAtg5BoO3cW/A5TmfOYs4OQE5cciwDsvgxtUgwslM1Ljrje09L9fE4BIcH+81wByc3+3COuHoMe55jDMbZnJ7vUrACA3aEr1mzWjUACu11JuNv/VpaM/C2wdKXxWSsKPAbEBIFhi9G4ArgBc4noI5kFnAL1sEr+3/4dCAMqzbLuve7zYPTlVezmUnkrJOUcjVqlDI5ekabqdVJrxqqfVc6CkUqlUVI+mafpGTepYsnHqHkaCmwNN/uE6FX1EXjR9tnUtKi1Nv7wxTc+uSE1NTR1DGaUZiAfQd7t14xqzdA7wp+mUBiaxQZhGZUJCGlWratVJkTST/FcAAB3+WbtcVx3k5ST6PSHh+99UzYpDaJquI5JaVH3K5rNUgxsJxA+QwAuyA0CwQJIKKHSoBgDk+VDdrjK35C5sSe8eNJZHnsFoLwD917KqSx8d996VWv9MR1uYJxm1iduAEXgc31d7kU6bW3o9QvjG4DkvJc7uFntVRAM4z20mjDRvjjkjck9UFNGXdtOnp81taVfVcA2sutQUGMv/9IWZ9J0TgC0DebRsuXS8cBmWlSpEycW3FrZVzJ5ustLwCUD6ppsjtdfU/Q9V7TuwX1CLgfQPtH2RKTRoDsF9ex4IFyJHovbH+lRI4CCOhB8FogAQzPN13lqU2KlJN1bo6k2fSw1tMYzd9vFrR3LWAMKKA/h1Bqutc9XRGf8WDsdw6pFO4ay0ItM5/BWExVX5S1ad8ZacYRFWbCHq30w4uVBezkJ8n89tgRVKYYTf9PQ9Vzb/7GuQ2c9hbrjYKCx/clNk5BIUjpdDAfCR/4ACn98KkVQBAMp6vCr9l5w+YToZAQAqCHh2e5eOLUjhf9uoirBNi+h0314UeqKjcivX7Y7Rvq9KcmyiT7AMkJ5Zrr4oeDoLkxgT/p8gCgDBPA9XAG4Z6UZ9fav6Xa1ni3FcgqasGsdNBEa8WADg12ns9lPTOkd4Y9VxjNLLN+Pw03TgcA9TjXRJuCAdvvJGbRN3azPPojFUAUl/X/HrYLbrkwB6CbX4tR+AepHV/1aV0o9sx7DkPAZgq/ngydxJuwDgFN/W7xdvEGge5fAevS3WkjkkHemv57jhc+x99Wt1WQwQd0n6YuYlRZE1PPJANroyhvdPBAA3vwHAZs2Ojm3+Igk/AEQBIJgl5gAAXVfyMpHe55sAAL6FCLoXkC9oxB+cYg1+/H0PgL5/sDTltw/zRvCKZQsN7K8UAHp+KsVgP2/A8udeXc/5m9wdNrlwFTVBua8NnpXqYqoCsGAqcETIA3Afn7cpn8utUAwy797XF9j1k8DBeuRz5wGsdonor0ylAkYkqsSqVlKSwXq/ePFI7wuNLbTaHyUJLdHV/lYNflND/QbXrJHatfSuiPwn8IQoAARzfOl7HojU20UtGl6s/+iKAL4/EvYwIM+2ct+Xs6/+re9FAAk0W8EpLobgKveoKQyBWCPh3X9kFbOtV1/9cMqBr5W+m9szuUf/ASbf01MBlBRWEPuCjpZsa+K/w0yd3wAUEzpYn3geAFZOkPZbBR4awNQoDGOzetcipdK7DDR6goqG+aofcWbeTxZJt35RwNWxIP/0AU+PErFNyHaIAkAwh/I8gIL6ZT7K4EpPywKU0A+PwytKxNobMM0NAL5zksmf/60CMLRwd1Q+qoyPprPBHesAOWXNFn1eKN6UwRvmbYKuAM76W9E7I1RBjJ/YjMLmQSYqTFoMHKhl4ibfQSEGcL+gxYoAKIGjDz6oDIB+XhZvMyIQjVyrmRUAKI1cnuwPrl+pLGcY4RJAMWVwpWfMWsyA7cDhDooNUgBQ8Y+FVej3wLa8G+uxa0L+yub0PALBJMQNkGCGGE+gdLzhKbGo6j3/pzYZj142kaVHX5ojAJ8kTvL/Uat8QC+mYSGqRJ8t9N5EMPiUox0+0RIrj+jFpenrJV4z5YFRRgD7mlvXOzMinKOT11Bnv2udESkdgaX8AlBCR6TL5QvgamWBe2VBMlWzTwhN0/CjrxX/oimkL6elbKOqlp1O0zS93K+CYSMq9ovUkXGyoqp3yz7V9xD9npB8nape6R5N051EdlZvnOQJT7JciRVpn56+s1yLQGCAKAAE03zyBHCUYY+9ys2AJ9FCW48BgOxtEKuA7HGOADre5nRgrAw/WxrYZep28+PrnN5/Y7hxx+leWAEuA5mizsXtuT98MSr+9T6q8rAjY4nTw5eXF7qGh8UCwEzfzLgES7YDK5oIO5gksgRQKxvi3MY677r1tJz6c92lNADEpQDP581+EXPv2WwAGPPSeMeKkqH0EOYeq17b65zxf5UeFvY+d9DcEyF3HoQKNeX0yFTLldjgO2d+V2F6IvxwkCMAgmmqAhjFaEdW69rDfudtkOtNun382p8tB6b72AdArwUenPr+POOI2ftt25b968lqw33pZ7H1HhotHRl452LZGKFRo8oHjh40UCai44E2dViMwJJ7ShTT+2FKBaH25a93phbPgz9y9ZtWXP0f+ikaqFmTsQf+5K4IVN/IP68ux2w8cS8BOo8fgIF/6ezsqB0yzwSUw98ddasHRxrFsBA//2BYpKVu3doFwn0APEkWPz7bVskrsoEZ8ocHC/O/3qiRIN0QfkSIAkAwyUMpMHI68+K3bl23pjttMKZL0NTVFr0B3/12Cei4gFvqHOXfo4wy4RjQW7FuUvvGej77T8qdYyX/cbkKG2vETnAeukHvhDxy2m7UEGoF9+EO7NpeDdnYsZH+3kgLKK4dT6+p6jjx0onUGU4AcHUlULKqQONqiLoFVNpehn8HXc9fZ3vScjOGEt90qqOiax0vXQpfdRz+wvf2BQCpGNCT/zi8dpF+H2KJY9n7podoeb79Urlc1PaSouiqQiynxR63AX8HCJ2DiUDgBlEACKa40ycMI2abdLJvfW5wDeuCmTCSb+HPFrwBE/Y83Av4rue2/ge9+5jFOpIhEVsv+YzJuA47+atJx38DpCxP0/qLBtceofPif7kLkHJNHcTMMvG5ztWVL0pXjdh+MchgG0XSqHKU1G9xmTb1FvxWYgzUtpDW5GBk4tV6AKzlv/yYkWdkmWLXr/7Lyi7x3zqPRLSvtwsQ+vJuKWzXicn4aLKJZ7b5HYOCwyHxMG2vcO6J5HFTHCn5mL+pv1kCzkZboQDEP6kLgF4OAKIxFioTCMwQBYBgihevAWczQXaa/lkqwgZxgfNsqWLWG1DR/ygAhHB1GO9e2XJIXjj6/SFzC26kCewWXfzIZxaNOCHp3UqlM/VXC2BF2Bw9BkUc6JbPDoCj3+wR6UbnKK6BiE31GkwNDegWsxChCwEYJg6yksj5AK6wrq762zg0ggp3HrJRAG7XfqpNcuxv/wDI1ES//LYtwsRbzag46PbaCOaqCb9Q0i1vcvcUn5lzVcDIBHo4l+UR+1oL3XRgXQCd7NfKYO+mHC/YrAg/FEQBIJjgan+gdpC5Gs3+8UG68KaAjk/NegNKAeCDB2ej/MOm/Qt0o/vkhiItt7gvAMQXOmA+gB8v7PROANKuAMkWAgWzY/jWzC9o78kYsCgfVLhctdKD45K5KTcBmRDDZhLtAyCJg7hkzuDM5pV0t2Zo2YwLcbciWluGKQuBPe191GkFjX4ChxmGJYXyMbl+LpwCrB4pXy8F0CvR2WZJCsXFv/G2lxSNHwGg85M3AEBT9ATBZkX4kSAKAIGZBw0A3DAqlqUBgHTNpPIqiDy7ie3TZSoAlKD5zWmKWmwi5J5KDMD+DfcjWbmZe0kqkY4wEjsl1eh3ro5KnvdQZ87DcCSqPBDAcyGYJgMAJ60mtENXTlHxLkb1j3YMTCpxska6Xb+d8+YBKC+wEWciAH8rFrXmUH2n7eoEK7TfVfVAJ2zCt31a+b9pIQ0A9FKKBsTJKfpOoqmBswy7LVpgsV4NuSgyoLIsXUUB0Gi2I0ZMoowjCAhClyDeqgU1eQGAoQ/C1ZfysQJNifCDQRQAAiN0DIBJBoXhkKyLLKoCgASNgGlsj9lpcun894I6ssl+WjjOHlDEGp7zJ/UEUO9PHnvXdutM3/NAtxVyVeGMP4bcoS/2dknEERus/w14D+Aajz/CcEA6uqAzLT4Q1FmjKukd6OeecMCoTQcamDQdQKkF4vj5gOGJuJU88wdwzQaeIYhOFT9rNUXRsUPJ607qU3PdALwJVe5qPw4dqv53/AQgLa4zaKR9KOgEAKkxsPPaYtz1i4z5KqMgHVg6l8o4DcAiWbPtroIquFpkYbzTAi8AALzVXKUTd24CL4gCQGDkeAdgme664v170fdG2xUlpunvVw+UH+9c2BU1LvURcnTpjvFrf3ZAwjKDI4jY6SeBButKce8xAiPM3d6/HzjhRUNVRO30UGbc26b9zQcHtpLYl+WdcLkRMJurzHz/nkprsF2B1gMpYEQndFSvi8fpVIk5d5K5rdYM/iSAay6uVhjsG+EPWH+qkJCZ41ZNyhNIK/9J0c/LACi8ukJ3/foRMaK4PgzOHa9KPRgM3K32/Y9yjSo/ThXfvd1YsaOvcT3NfF/Hit7NGavoxhw0ccW2pXkmCHJMY0DzqlbuLcgse8wSCGYgCgCBiX09AJ1caqlnJat7FlaFlNOtkxhWAcCwEv88X5hPE9X0n+8oUxYCoPYGFB0Yqhc8N3b+esB9Iw/5j+WWM6a3BYDf6ytpaRPEjGjVz7PIiQAfHkOxQ7XDe6K0EYCuHI3MIsZ0LKR6pE1pWPTv+s2NV6fne5jXKr61BfaI42qckNdkFbWXBdcALHvDkBOZE7NO4G4Tn8zrtDURnZX/NNNcDXgdols59qLjlGlukgYjVhm6qt7ud6vUrD9QnXZbGfJ7z/6XZSW7MPuMiIGUfyBte8wh92HTeYgHJM1dPNkGsraqzY+YCASzEAWAwEQPAAe0Tkp7Pn2QDV/iZyhTEi5VAIDGddaNWacRYkUV0f6rFIOMz585k2/hyJlzXJbd1X0rJ/6xFkAwN/d/NXdXLTZzN9jpU33Nx3nzAGxXXWjbF81CQ3t27ydkkj5d3BeNX+QFYL3ZfPUMuPo21bWAKPqTYYXlkKy2EKTJDkCNYggRXx9Vb7ggZpwXmgK//7zdWgWgIvBnG5/M68TXy3X1I+WCyjpZje1LivcEiCCXD99goAG8oZC/Kq67AW6NynwJNZln4fyNcFGUcqhCX7M1xnna9N+L/sr+a7BFQbbuCdkKUQAIDCwCsLuz+u10/sDm2PTcDGeglEbI2I8KanlNfRDth4CPkj9buZy2fgp5NtdIWlG+eGBmWLnhqj8B8DM2eHTXnJgr61AqWiSdvlZ73R8b+4kB/1KNtrb0Yzg5FgTXNaOmAWsHc/0TzOunb8+oK3MfraCotI+H5F3ym+9jOHCyKFAOJbrM7JS/xnCOUzDmbEtg4nR7QfwKdM8AqM2Dq+tclp7+TkcByK1O2CcdnJakgyMGFwAAIABJREFUrwBsGZwIpFxSB9orZMJg1A7Azr/CHODMYgvGeW56/tTJlutxRDVmheB9EgjsIQoAwZgFU4FtPQEAz/wRtt7CUyKdFifS2jNTnpg8XhC/KccQSrz0UmzGdbsTAF/5f3WYyYivAKACVRBYuRyQnG8OAGvU1mRS94m/1W58kc+ILHAoCMCZ+1+gUr+JrrtEbP86Sogtd7kbcBcDgL39SiXtMOJkazC4zXEgBoCdDTwA3B+80lUAIjoa+6UAYq8S+v50Z77nAlTmAkXt6gMxgLHb2HqT5s5NU/QUlpVZc5wiCgAhOyFbUAQj6K8A3ACkRlNd7tDFLAuUpZOorhlSX2QvwHHpfeoe6GW/52vwUjOnricAPKL5ORt8fMLCb1AslUqpZjRNo0NGQgARbkqpGWn8s76aYdU8YCEP28lCXro5BbcuzpRht5q4S+ztLf93JQMu2h0RsZ09/XFUBSo8JZn/amD/AGCq+fiNPLHXk9BfDjLGZey8WIEEagOQmvT9IVXe76kjAGb3/fSk5I9URb/pCXQa4JGbSzQJehu1h0P1rCCHvr4fUqEAcJt6md0zIViA7AAQDElZuAwuu9sgLrXwJLaecEFBvSfOMQjsEpNajLkyG6o8qHTPk+7577aIkiIAqTMPAcX3lLfYjpHgX8xEfDciFnpJg86mzqw4s6vwr9qU7wD4xABup5MyOf1LxIcMb/cvtUJMnnbr4Qzs1U1w4BmOf9aKFk9L4ZRdOZOH3SFgXGE9oUxHpmWok+9jqjO7Lqa8AVxjm+Zq1rC5lL5dnbEOAETQ0qVfPZXH2gGADDjMLZT1q+jK9p2s2ScRkK/5AajCNG4cVqaqFpqK6qDb9JXS2TwRgiWIAkAw5OocoHobxI0tsa0/+1abpy6cpO8q9aLhE/554VDxTmjVxxMPSTdXywskr1wEYE81nn1J9viwr/yu6CH9AsegX7qhuOA+gZenAmeb82mpsQF4+5VyCD3RLFPtur3Sgi2bcR8ZNG+OIqMVXZSVecgS+VMAm7i3Y2J7fzyrqWN4WeBxcG0AKaE0nAK33WZ8ApLm5nEC8h0/fXL8YJMdR0VTiU23Kfx762xPmQsOxYTnrQ60j+6DkGqrIIGWOOIeWRTo4/dS7RFzK7vmYQKZGAAkydk9D4IliAJAMODbLQAL8GlihV+4eKg7zJq3qEob3fVRgweBJ33YLUmZqFat+LMtnRTlj/dDyqppANhl5WMg+ZjpjC9GhBU3jv/ntTus6pGCNZiq8+bzLQC85D8gRdpZSNoetm+Dyw0ySmXtwnXqnHCpb9ROBwbZN+Byy/jZfQu34DobxbZhwL5uXJsx068/xtfREfPugyS4+Vn88m1XqoZdf8Ym3+c7TMoFoPAQU52qjkOycJiHyhqFFADgfTii6hWd33WA1Yddt/k9VR0Oe78pjvqPSoeUA3C90VNr5yEwx8pIkXi8XnZPg2AJogAQ9ImbvRIIrgT7saW5Rahxnvzx15BpuiUVQz8GvLBiF7AuHNsD6/qp5s0HYMlVyzTJn1lm9APwuvHxtsalPj5v4qusbshfmzEmeh7wkF9TeoPoQ9yv8pByCH2xuLRONPsvPup/w45R0lHhjG0B4ATwG0MOeVnFeiiTWHaNrBG3kxZ6GICGnJqYRgmDDW1q08MRIbR34fyIKrqmQp2M8r0fSrUDcPyt+LXLJHNRem7dFiXcWSxf5y/EPrmvb4TP+SYZl5Ws7S90NE8T004na09TIDfKr5FDOsoWSbmsofGpRDd8TeO7Y0fIMogCQNBHthJAOSBPRa4t8+Q55iSaqlvi73++zJAFbqYaWKbVlyNDMTVtOQD+SVllvX5in3b1w2oG+Q+gOGKeBrwxHSuGK3HTAQQCwOGmXMMmzMv9We7sDAD+ft+rtNqosU+we3C9KrDqgVj859+1lF0Ng+NkchAoyhSDVgkULhxDv64wVL6WOVGPLquHaewIhwI4b8HvkD/KztXaq3WcIp8+lRsyQRsFqrHca1pSknTjexHtyiz/7QDFUEqy6WFB1Wgr8u4a4B3hM2S41YJfC3+tpMVDGkAMlAA6MaU0yk7yBto5ws7fVjE0CIJBFACCHvKCACJ5Pha5aAp6GgCaKLfkT+PvHibJPyRt9AIACLEiKbv3MNZVwxreM3XLw+OfEvjO00zOkJR8AN6JAeCDK9cDXKfCGTmKRX36TBBr2xf5dd1LQK7EajuzpmoO+sED9PFAwTTpglwlX1maxR1N4P0+u4BTTczX5Ybe5KnWUdrITwUKKC6V1l4VQLTnzp6KVSbjO+QulTcOv82XrxLYO9Fb/qjyU0HCXVqFOKcJfT1EPp8VRXZk9ywIFsmhfiSEbEJuB+AR1+B0mdC/z0nTEy6iIdsc0qyZkRJAgeaPeO//A/bs7fc+F79ppnIzeps/JUvnP5NMEgHkUa+yR6/kbFgekxlwh6KW/kZ11Lgpuv9J07TE3t7efI8i9a9qEnvR73RVX2pdmlnNRJstbxewr5WmTAB3yZKArpcj6u/ReXzETS80ppI0FwXpPmJ7JvmfnpT8jqrUyjGKpheK7AWPTiCpEuz/JEXoXv+/GNMfqmkMuRcIOQyiABB0sQOASd/4d5CcVOpvfbnRf6tjPO/uZGvGAthxlqf/HwAg38+sq4atqmX2fv/w2YPGploxFy2eQJfnmrOR0Yg1X9mINXpCbSHtpY68mP+zUSY7JhLiUcyiZcbusK8RjmejoizVS6YAz4zFaEmrpa34PlAvTLdErrdL3vjVNqOkvrpERkR8GD9y1vITD46GcEyywJ5KN3Y5fbJV5/8fKCFWZPccCJYhRwAEHSL9ngMjZ/FOUgo4LRrVEV30igao8n7kuV8p2/ELgHNN+c8HeMFenZHVtBgvYLr899ld/SyfkJvnKYDRGWl4DueP5LbnMtwgs+FqTq3X7kc7Fqb+bosGXvs04KGsiIn/uyQA+Dp3PUpvzdCaWnOaCCMyGLq13y2q95bqb7Lpp0hQ1bbJUb6vPQCZIHGJmaldu0HBcB/gpa8t0h//P5CCeznMNZHABFEACJm8GPgcGDXdCqs9AEWP1E3vpVcyyL7z79XcTVQ3h2rLzwDOW3fA7Mc+7734jmV/Qen0O6vLlWC2FGRNAPBbZhCaTofWBpmpLDS5AHaLszJl4Ps5bEnfuozGXBMkAIJXAoXM75pYS/0OzfNaroVjEB+sUlp5h7XluXWvvpYni50M8F49j9i5MTN8QxOT1jSEnANRAAiZ3LgF9JppnfwHit4uFFtKb4nZo8KlPat4dLtoCqDr6c6HC2DvjCRmU9W5Sbmv/stKtuE/JZwHEKCTh7dVl54czzhOWNZA0tY0st5YvR7S6x467WfHYEZZHUDMYQBbrR5FFxUAvWW1dxOLS8nQCxQ99qlsXCkuOzOruM5Mn9ZPHvf72z2HxAXMeZQrXZlPlEtCFkMUAEIGDzcBPhvN+VSzw/NLcjG9bXtxQOnUFO4KwMxZAK6YjWdjmUNvrGvPQIECX1OKnm7Ju/2ZVsAU3WhDjrcqcIty9MHSzvPfJyUfSwjyBrb390mwc3/QvBPDvc+DTgMcjy8s4X6tHsZv0XW2mGx+lT0E4o2X/JS9uToiTuQ8NX0CAhyHH7Q6PZAguZh1ussxRxJiYl72X4AoAAQtTyoBMB0+hgP580f46C/cpV5FU7lGTZs1C8B5K+U/JPzSB5nHze29Fx5WMO9tZ5IPAKR6i9UaV79y6sFsaiMKAD650lKBIsQ7OUEW5wG89TW8ozqtMxcKAPgae2RCeQD79OIKm9Ecz7YEmp6VrWRre3g7sRkAPKgMOED79nvENeLF5kEA8KkgAEcVNg0BgC+mwy4wM2wDABSKVj9C6k0OZ7WDg/8zjn1lUNjtMd+mAmMne/oXABMpmQg5BaIAELQkAqgpUF/ekd4XaunKuF5yR24awM5+AHChsZUTWbd2qZU9MFOYDmn7jl/TY0OA6Qam7Pn9+Qc6yiAZkj9HF4tdZHltyzUIvrQAjWuVCr6UqXRF7SdPwC5W/QqZOWtc5g+9u/fnXBK+DgGsJIY8HbRLme9J7wtDLcvZoYm7W4kGQAF1Q8oBqMBPRnnQwLTp2m/pzq+Tj3pXGgdH/nF9v7pfr2O5VpZgZ0MbTIJgEAWAoOFmHWDoRqF6K/psWxO90Ov94RjHPh6b6u9+AOZWsFb+p0Z9YimIkr4W4iayykf90yLSwVzSeWbkcQBmGxSWPRVZ1poF+/evNCUrNUmOb2wM5sBHStSLx9Kh6Uvkntpd688FgR6r03OJAGDmTAAI6lEUAHrZz0/5uNGFnxueCpay20XS0t1X/RTb+/HqXxdrX3+ydMGjDFiFEpHVBD5U4AtXHZOQLRAFgKDmagNg5mTh+vNb1CkwVDd4fn8lB2/AI10B7Oxj9SwufGe7PPx352quL/PmA06NfOjJUQVI3TsI2GJUXKLhQ66byBkEq8QXwqqoaNbuEh48f9jxqs1n/v4pUG1bGFEMQIsvfrobO7k0B79dumDzfM+WAXyEkdv4pbiXefAT99LfWeduzDuoamyV59ltbXDf51a2B5CN2QCZUd1Hb3++KbMIPyJEASCoaQCgm6DrmRrBAQ90j1cH2Xfc58Ou6Z5eECbBnGQo20D7knHcox9E/1zyxt1u9Zwt18wkdhCAgUbFpaYeHczDbCruGmDX6oIscBAXG0veoRlFQ9HsZeWDUu8KwEoA6LfiHxNmZ4Pjguc09+LhK1Gg81I00ApW+bmr0kxbxuO0ZE+tEqp7QqRmLnvequgSavpbnQ1QUNIm7+wrkOEH4ceAKAAEAMB+AGuFtedGpeBKd6vqXPeSPPRh1XBHfwB/d7B+Bh9WLGRZM3rV79y7f003rdtg77mlHP6K0rcAuMRwo0vjflzVr0MfxE+KtlPSz7LS4apIkbDExIrrRLmeA8DagSZFYN4m/nH+xqmVLaMbpGDu2ylFXAAg4jgoxbhQ+cQyAslcVyHSF3BIM50ltKmNHOMGQPgvQBQAAgD81RdYM0Tol0elB5WGT8y0Hacq+BlbkjOwfQCAg+0F8LGO7sY2A3x8C87ZD4GbFBwCZoztEjiHdRNqJjRZAA3wqM1pv/z9LMpu7Sd5x7wCZSfiQDEg2vF0TwAzxtmZE8eenvF5RnTmbMaReXq8/taLK7kA/PZNsuFAXSX6WhuiQgeVAHkLchp2SiVG77FZYkbC/x/EWZMAAKEAnIVfPFSUtykek3lZ5kxxFpbzOwcA2NFFiEdT6snyO30p68Xj23sAgP2qI3OpLWxXXvYAHjC+okWsv/AKiqKKNFu3JK1A4cJZKf8nUhS1DwCgyLMUAGafcwSAdxRFUYw5klzTxzW5yXWYRruALgBOUz/vvJvrPkVRizYtT+1SsHBhAeW/BTvDLGOAkJ1JJfLTHa1KvUX4wSAKAAFA0CJgsy2Sd0lan/XUcXVqsdtS3htatrMf1DsSrIih/CiTvs9RFdhaAMhW8g/uK6HolAlUV1YLeBmAf5n3GtZbzKUnT05OeUkV8xivoGm6q8Qhqy3QF9M03R0A4PU0GABNdwUAFKFpmmaejF2Jt3Wucx3HDgjBA6r1K5ry86gWStM05eAgcMw9mn+CKkGJFLS3+al29smC9kj4/4YcARCAE5OBjoNs03fzk4WjHDISAXhXDDGf2PdqQwDY2Ztt956nW540eVO0uTbLbux92A7IiGPc205Rdl4W68XnBZqashlc5mZOKEXR0nXPvWnVpYa8ZigsdATYhtLzDQ24yTFZAA28oYBf9qQuH8N5aiwZNJZGDlj/vBe6Q1Vpv+9ZfypE+K9CFAACEsMA2Ej+A61PHB0drQ18X/t2ebOeU5caA1jn0stcHX0qQWXqluo+62Ak+duxH5GR4rOvNrydx1KW3ckABpkySxi7zlSzDx+p1Hpb5EWmWB+mGYAA8WdPtAeCJrGr6x9SPp3bgBorwOoVVfQ9AFAIFZ5KB2qpYsEUPPa17qd4VczKY7MiZ6xrr8dLALKmNtOZCP+HEAWAgLAxgBWh7S3RBnk679eujqvXN+d+db4ZgI2DOJzPHiiz/9RIE/dSOwqfB8AkKf3afaxxurRZI8cX74H2phMOvXlsvDtS7VIyJOs6eKm4JQswz5f71jnSHegGbDB2ZTRBuTF/d+fUfc3+29FpjFyh3R5nNC+wFpl9/ynoFl3Qck0zrLI6GyCLvMysKXMbAOTED4DAGqIAEL7tgbAvIiN6S3ru04aM317M9BbA2ZYA/uTkyty1JD28mIl7dmOLc+iJB/t0BVtaxYohr7oeLWKm/pVTaL7edDCk69uW6xe8PmsX2ThUhrn+Ar/U126zqnk3APXYT2l8ESknb8BigYBvXa6T4owCmgQG/MmVs7IBVgcALGe5NUMgEAWAgPTFQIhN32RUN2W1x5o4Oz7YZsry+UwrAKv7c3smzSyMBwhpNc7Eqm76P1u5QFWZfstMesbd2QoozARDrHxC52LJS7F43ckawznET2aPdUcJQQB2l2Rf3ys+z54eXAZQ2v50/v93mbzAhSgABLZkuxUMIbtJKQTAup1Qi4h6z3DTysqk0yYqXWgFYOYo4XTS3StZVuR7EGzkY0B1SXR3NGny9uUecMFMd6pFf6s/vKQo8cRNy5ektnKDLeS/lewFtvfk8t/k+o2bJ0AysGgntzlxZM9G9eOYQwLnC0MqAMCZ+AESWEMUgB+eZABveMehZ8tQeqpGA3A6tIixxrmmAOb+wafzrhQ1Qvbd8GiBfaQX4ZaDIvEsOn95uYLxpqWjDadPUenf5ZSbc5nbtJKmHB2F9n0ThiEhAMewyU7rTRo4MjFrEPCd2wgcifmqFv35bGJfwB5Bcwlotp5yVn4iQo6GKAA/PB5Ax6zYEJ03qWIyAFDxUSnGdz9caw5gNo94vGnREyhaaTc59+n3kTG6NyRreM3Tao43arf0I0MytPRPwBTTzb5Gvg/bOmPqhHGxSXR1283OapLFwPy2QAwH4WX36V0qlzESbB2oR6QV/DlSxSIQsghiA/Cj8xzAOIGTADAT5Dxkso8rILE7Y2QTFlIBAJaM595r2s4LTedAtBLDL74TD32n64tvyjvA1iyPP9h7sJ9RuJ8nA4D52otgpY/OrkswDWmXkbk+thPK0c8c6dZJ150b4VcXwLADHJaaDkmXW3EYY8AhhH3NkpC25AVI+JEhz/+PTllgoo2N5bX8dmmfdHIuOI1cXtfgyCG4CoBlgQ14dPrl0hp1Z6VKAXmKvC6hvfGIfR9/8xjXHHmGNHtV6ZSBxEu6DkCpFr1XPkzZqE0j/OI1lfTLXjlWtkL60mu288bMoN35iy+e884fFBUK+NQBwGRhmW5qV8Bl2MZqHAR6KyCohgDJoEwiAaAa7T0eJ60NAEEg/IchCsAPznmKRnkzlulCIm1ea/aMIDHka3vrKwC36wOYOyQ3jz7TV7fQ6avr0esZCsC6f1l3wmVxqovpMAPe3pHe6/31XNkSx2k/3Xk0PPS6NwCspSEZcdpTFewNALBv8YnnTLjgV/LiuTO8FYCQ9cBaUzd/MinkfYtGcFzRO3Krzonnv3QGVNWLAu0FPYUnEP5bEAXgB+ckjckds2w05zkje+1Dib36j93dbjJgwnheeV7TP8zUvaxUtFJ5zUd79rla+SaGu2HmBLlozJfAUSPLZFynaCO0hS1fcz+6IPBgk4ha90mGNoUyDXGyJkOd0hrrd0cAxQBm+zXTR0lO5bkOudTHUlxF/rw47QFAmc0JAS/7emfvBAg/PMQI8AfHCXDNwtjhDluet4akUFVda73H1aOA9ov55Xm318+HV+TqF82n/WtMhggWDLPOkx4Bsg5+VEZqFqpEMAAKn4t3pCsXpCiq8sDlS9ILeHl56fwN0lninm7ND/M4I44jFyNAAKry0RxqJwPnEzn1zwlK/aPLAPxqu1EsEc1gDEsgZCVEAfixWb4AWexpHpJMzah3QidF4KPyADod5dmdg0HsXZemz9QfPn3mp1EIiLQxvcc5UW1vLsvlZwcgnfLA4MplCk+habqavaPhqtipKQfLBd4UVos+XsihXfuf4fb7ttzMZUxHWP1uUplTUFQAkNZ0OxBl3SjWQBz2CdkNUQB+bJyBvsOzcLy4KFxNvb4pFoW1JY8rAhhymG+H1QxmL7tYVv1BnMUe3gpGedNj5xSHmEQA9n/2TQWQC8Cy89cf/RrF5AsJf1NBkgRlFjD+AM+2FDKS9XCEwTHSDEOAaH7jaPE041Chfe0VLo1UG240mOf6bLbJqgkEG0EUgB+a2DAgNisHDPe+GOpw7F5/4CkA4NWj8gBmcAoTo4ehe7lEs8789jCLPbzLMm+k9Fm7YfmsJERiMAoOB7B3587Y/YcO/X1m9rpghhUgNylpBXyjxYjBO3oNF3sj0RKgrXWL83qmUkQASdp9libd8A9zWKosQLy7sOVKBIItIUaAPzQ3FwC8Yu/xpdLj6MCzxZZ7zkFAcCXgRatwAAt/4f8YGmyiJ5/W5Lm7UTIv/1nywaTJ4bDURXNb9bgIFOmwAchIH9Tl9jvbGblZhucvnnQZ2GO67RMfZ9NtTw7mEH5ABhuGtHuWqLVWTADC3pQwW9lWJJxuki3jEgiZkB2AHxoJgKpZOmJgs8dU6UNfAGwCng0PB0Y9HW6FFWLwTb3Lr580QfSkrbLAtJHdPrrj2P6no99DvVtxUlvq1roDH7dHQQgBjkZarsbAt7FAc9N7K+fjTTftuJPLmTcNYKvNDslbaLXDceWw946tRjHPN4VRqCgCIYshCsAPTXbkRAts+q55aQCnL0UMugo0XVjWmpzqz+pc1buuoH61v22VFS5eK9hthrukLnrRb/QxNF8A7LLxlFhRDtj80XI1BiiY9VWUmjl38ajO5ejA7Qowg7epoiUyvkLRx8CmEFsNY47kwRWsee4JBCEgCsCPzONm2TEq5eU5StkU73r/dBvAOeuC3/qFRuhe2msMx74dNpMmWDDYGnFF3S2dPqXDGUdXYP8WszXpLElPRyMjcwwPzEzRztyuPSfvQ1EhZElaGyVwLcn2wzBQubvlOgSCbSEKwI9Mpk9XFiMRnaN9o+8BEquHz9v/WHqKxhQw/XMhTYBdURbGNrDI7Y5usPOMaUU1+h0YbDbPbR5/fitzjoiBSq/4Ns5PGTAPAJBC5aeGe1LUbACAYR2KeslN5RDBGiUFgNz0ToXOW09kD9R9Ys04PHHmHYuRQBAMYgT4o6PIrkfgbCkIkfS1UPji89IVn9JdXRLSCv5ySB1AXvk+yw834h1MiSvFu2u+ADzo4PUrASTLzCyh66/PCoWMine2IhjgV+at61w09nf/rM0TzPA1uJ3oF79jZUrE/YHlTdxRvtdRD5OlwGdVli+E3rcZkNVDEghGEAWAwBfaOp+1UsCcszcbWj0Nn7VA9cNR34cv8do0RFP2fkKWONTrcrSqv4k77xceVH+oXLnl574YKanpZ/rPzmbH3nqIZs7EYy+ef/ympqjYcauDueALHFMQpgF4VpZbG13sTX69d9OOZV6o5v2OJp8KmKprK4pk+QNKIBhDjgB+ZCTAbv6ZYfM0tVzHNOcAtN7R6KI1fQBXTp46GQ10HzG9WVjn34dklE8uaV2/3LE39UPSJ8dlRCts3gfAsHL7smZKpsnVD2jPx8bezDm+YuvJRY3NxO55s4xbZAa/SYApnYoNEpMKgGRKicwKdsOgfhh5jcF3o+kBbJP20fSXJhAYIM/LD8y3vUBL/vFynAOtGbw5sLS4S3ixTQE1efdxK3ToY+Xd7WsKArna6N6Qsg8iJwV/Zwg7nR/PpCxY/HK5ztXdagD6yNzam5pO1pxdyABsGmexmhEFd/U29WupdhzN19ZMxr8LR1nk99sbq12SyJvXWYRKWMotKaDKvRsAYEkux/vBXgq3HgCAxXqGpqLPT1MUgOjLE7kCEH0G0Cddpntm8X0iAGBnkub/V1GpDgDEbzU45ZHeWO/I68jGeQ44RUZmizgsPiKbMxxpsMPuBACQZ2OuBYJliALwA5MYxDesqzCUcoHPx5hK96rw7eBezQ+FECCPL4hfVN11cu+mD2tjupEa2U8D2wFA7M8AfpWktW4PALG/cgkfJD0xspT6/dbdXfyokLus5DjNlU6l/DPhlhmukFLLi0GYq0jRxgKmk3YAAKZ9E0Ny467iL/WVZCaHqXDF92gHjOehADj4AxM3MG52DK3hDrPZ7Sqz2G6sr9DqVCr3B8CDP3twk2e05oXWxe7+ussllZqrrnoTFkU4tFUAoki7tgoA4qqtgMHxuhGBNWM2VmomQ6sVCKfOBt9AGtzChY8C4Lju9XubpKoS3Y9um0MUgKJb9spgXeIpgu0hCsAPTBYHy9VjGoAUAJ6eDyo9CeDXx6VfPxUAJF5+Lc8WO1/cTvZFu/6Uew6z1NZul3oh67bgAjArt0r9h5B3I5ffxO7pIo1E2EI57C/jp8y4yqxjL6lzVW+vfbHkcHcA03CpYZrm7aiRIVMBSFe188q8sh0SNwAdeGRgUgGb1zPdGLTDgiik2EimQjqfe0ZNwZMhJquaxQdeKFw480oP8XNPAFC6earHPNYemMcQEdgwUq/USL/JU5RXMKcLf7yzURRgT1VOeaO7FvbI7ikQLJNTHhfCD8YHYONPAICKIYEP/Xh5fMe9KAAA7bcNoAEaqxO0CoCIxWtZW8UJQG7tPrOIW1CCjOpOuNnzTcb+sH4n12Hgktit25KJABohQl+g5AIAOydHnStOpLe+oP24rkkpC5XrnGyDYxbqMEGD2XBo+FZLS2HuuW9F1jipfje5+EzyPAJAJ12gK4BQXoOo+C1wI9568WpnGVFOMeoa8CTX1PnZPQmCRXLK80L4wRBnJr4pd8vwbBWKr6z6UB+jpj1V1y5dIkxzI4rDNqgS/MUMndlQbELedGfaZ5+wcBIt3W8BAAAgAElEQVQA+ER+Mbol579nSmWuKh0tm3amAuCRCM+lOfDOuDglwtK8z2znHPGpdD6sWcK1kYbwepNMWQ/QUzvoF9S/XApnBnFXUHii2Pd7tmeqtjluuJ0tEUYI3CAKAIEvqfzCyRtTY9VBg5dFQhCLZkmaEK5nUtQu7c2mFdfc8evIfnC3X9jXNYNqEGM2wE/7lzIV/7Zg0zQAPtVfxBjcqco/MKKEk0NH6fZAM+5Rh0qON9pRBxA/uqolBYDeacZAkJn2ndgHWzRA+WBXUFFTN43M7xp0BLbyTZDMmYhVwYUs1/qPI4KMv38RIcsgRwAEvnw9OIF/43g9v/AuBncpNmLwaZJmI3WkJgVd4hHNHd8G7Cfi+dNq9pXNMMCdoTCq5zbm2qIhcfIgINxvbOvKeppDXeb6Jvh+NVNzouRvzqVW82TbNLDuMdzZx90O0DD/MgB8nVVyrBgwmw1QwcPr8CvwIMqkHDdH2uR/uFTvEQQ8/pQ1h9aq02NsdQCQc3h1Bdg90NdiPUI2Q3YACHyhrAnVvhi48NTKCbRSm+xn+Pwla23/Oe3mKoTIifR1A6M7RfDP/Uy1yDs+tC2A5U0WW5HzLuGgV0EtHh5OBT05/Jd07wDc4H70XXuqTkpDDe+9Rqs3Yc6ZzgZY3ZJVAgNLgY0PuDcDsLqnaeHDEAKx/Ctg+R+szp2sZuEV64Nf5XiOLYHdkivZPQuCRcgOwA+OFW469tYkrikGHO5lTZwXwE6dxOVNW202NzuN29eybxx7GrvGqokAiA2swVD6stML014F7u5blQUBzE+XLuA9bnWdcLdKz3JcmhaWAEf6c3bAcPMFtul7WSYMWqg5b7cz/XX5LK99AXCLA6BlihnzhuEMezUlX5XCxm9bsyBB84w/X2dbGuisg6rohcqXsnsWBIuQHYAfh3Gat3NlSiwWiykKAJ551KHEnKDUe8BzqdI9h7uLKfViez7XTsIBwPWCuhn1FgBwlIrj8nXeV1Yvd6P3aeTe/g2aO+OZtqnN8T/2zjIwiqON4/+9i5JgCW4JEoIkuAUNVqS4FdcWdysOxQotzguUQnH3QnEPJMEhECwEd0IgRvxu3w+757a7tyfh5vcluzv25HLZeWbmkVU86+uhiL61d/wRf2Nt8uRPeQhg8YKWawWOSg0JVd3IeHqA7wHQlv8COxE4sF79gTxXb7NiQhofq7mQZL2d6hg8igA2/6nnYVEAe400EotZc947wPwPJ1kmZFbJbEkwC6IAOA5L2PPim7RMJpMxFuzlPl6mZbygmSXZNPrOma0xMprxVpvCt5PiCAYauzHNaMZ4rx3NJwoPFMfR9X5ib9/HKCZh63+rKX0mz89qmlr2upV5WCEPcHwwpb2rzo2Cz+qGCM7IQNEA+KfCHT0R+GWz2gPpKotFe/OAEAmB/ZeBbYY0B737Tm6fAWtExjjmELbxB8Y4y+Da64zpmgTbQhQAB0fwFyAu2whjmV9Mch5AvUsGCqUcLIiLPG+ukcY19b11Eunog35LJese5b/eUd1kyzIRO6YBQOuzH/AeSOC5eVH83h6XR/yaqDEACA7hPSMFAkhSqR2xJYYKFsAk/YF6T3m36jwGRpIB6f+FvV8FAyjDeyxepA72tewAdgL12CMGRW44hLKTtSEKAEEYuQ/Oijerg6UA6l/UeiiPiIyMjLwf+f5xZGRk5L1XxjrwPaBhwHA6gd3B1eOmbgwxQqd+aVTlkM48dSGYk41D0zk7VwNoUvBuEeDcA54jB/wvpGwUzzZKlgFowHuF3XM3MHydIpHzmzx6HR01uWe6il6oZRCSt9h5iYCxiq5vDXi/FdCSM0m/ue+wZP/2QmJEOgDiCJgFIAoAQRAP0M6piVk9VFoHIPiC+qPr5w5XCgwMDAyou6ZMYGBgYIUpIaeMWHMFqPu8xZ0cwSoAs/fxkqPMGCCMVws9zPendN52DR9wNMrrOmQ9AFQMunQxlP87s94Vf6Hzq/NqALz85QAAXQAMe8NcPyl6oJ3RygBwlZd1ojppAM7w3dl5vNOYUnfJkNdFyaXBCBt6wXIqwLeFkrkOYXUd8aUwAFCH+VrjEqwNUQAIQrhb/iJyCH6tAwAW/bwGQMMdV9j71xt392qsFcFne4Nmq7dvMdSDn1oW92+/FlME1qUMZdrTT+GaQFdeLfSgxwlwW8OynJv3jFgKILR+sJ8Ax4ia4RXWC9sEcO2/AeiyjXe7iwB2MAdAJ4+YDrp0udZj3kOw5NwP9OebsOq/48bUqPoGNZ6SW4DDDefohmcUh4yZmZOFh3nKSpSdmRsA/LuRLQB7xyEUUoLYRFQKrW1mF1Oc0T9tNNCjTktZ4h/zM6VPlIZl9/LEbpi6mz1Zngy8rGwyuV9KnfajlHb4mfy+1TIYz2LHAX271L1iubd3rVCi29gdAG68/pW/kXitNxH+LwT9Cq7+AHpl9uXZrH54EGa/Wwfg7gjtUIa6XK73UEAMAAbnAAAT+HlpXBtv3KG/lMGSop/zAGu/rreMN0C/7EuE+TRmObyZH7lr2lYMgmmIAkAQwKcL5s7/+F0Ol1Ex84DQUODxYfZpy8PpoLPBLafXL30oSJ4EAsCM3BWXVjLem9tlV2U0H77fadp86+8cs3WffeOVzsfTc8NmZ2Adrn28w3v4woUP+n7K6yLAmqH2xn7Alb58mxUCsP7uVURVDDPp33+t3kMzTOtKn2mC1fwUgLfXvIWO5h2TF9jz3zfTNfnTKDPEEt0SCGZAjgAI/Lnyg764tzyhAMylG9cBgMMAEJD3G31U6u6eDZDL4ZTN3d01gKa31AG+XqgcYdzbjfJUzv//W8PzS+1udtZyuvV03Yd80/m5OqEhgFMRgQLsEtv9m4+ihMyzfTcDa/WoL8Yp9hDAtSav/K8Fmap6q2aUWab1blCljeLElQ6C538gz2cAyeJ7A8rk9WRk/ifYHUQBcGBoaATk58y1oIhyYslw5syIaXOaAbOmjd3/Sd+c2evy7LEAKrm84dijPIan2XiHhQgdwq+JzpjmNWcJOugyuwEQSS2J4e3R2Iam6WlCBu09EJj5P77H7GVu+wNnfdZWNVnT45qfELGU5Azm5wcge3PJaAh6E04P3q8aAKC+CEiUaISMpcEB2g4vBILtIQqAA5NjPCAgzlpGzVsVACDFqJMeV9xWzBlTYummmXMWGzoonv7HNAAoyjX5IO/wBJmA3lR+nBFpxZggDZm+pCyAifkOC8tPL4S2AEZs4qtxVNpeD8CgdY9MfYH8TcdCMErAcCA7j2/aq7nGU+0NX2a8fdF/WgPwni+mBpC+9taRNSL2RyCIBFEAHBivXkAjvms/4L/hlQEAn0VKoBo7vPRIgzlzAED664kpADjakvPf00gRthGi4owYsQSABM+aqLL1LAB0DjwiSpccaHkKwC+b+P4KVYMBYHDZSkdFl0iTyn2QOIdz7fTjE43noKNMpX8uubQhgIUrz5qRpEmTU3/dWJFTrM4IBBEhCoAjIyiK7JEObBZgs7IBnlBexY2pMtTE19Cz2bihwIdBXKLkRM3jvR7/pQHCbvJtpE5TbSu1l4Jj86Bqo5vHAaCNpSdWJU3PABi0nGer24oojq12GTjcjl7OK7eDIUr4Aw+uca2d8Z+p6BQmNd6S6+4DmNbExFYBZzY1a7Awj0h9EQiiQhQAAj8OtflsrtMcAPyuiNeX1rXCYNNnvF4LfwQuDuQwrz78m3feuWIFcP4G30YaaC06Y+vzjEaoQZWmbzcCaHXIHIn40Pg8gHG/83J+u9vvAkp/PgIA3UbN0pPYOWG8X1Fx3OmGdUZYOOfKNfKZrmSCkuUeAcDk6SvN7go4Or7f14pCUiESCJaHKACOTCZ4O80dbP/JDCNrFc5F2Au3KuOdjdZk8DwCINSfgyVgMf7b+Q+FZp3VT2KeKY3NaS8t1HcxgPbCEgQJIPgUgCmtuW9Tfy5SMQJ45N1qFwDc+a1vEBMWmlLsvgzPmTN/ajtxnIxzePJwqbg500QFJy4B6v1TwgDMHbma67AGOd1qVLJ5BiYEguUgCoAjU/MUbwO2Z+9F8AAEEMf+pKbN59aAybdX1HiMF0CQRX4E0EfE2TZx1iBzuxi7BEBrYXYA6Ro/ONH0NICTnM0APuf961SpXAUp4Cd6Ya36wI0ruSikpspSU9JTUzP3U9SqeHqCq1gvl7zAwAPcqqbnNvF9XvEPJ6ncgkIDAQyj/jXLvCOK+uFtUQeJ/kPIihAFwKHhawQg+2edOKu6mewxQrMp3O27MjoDMBl4Tug3Ol5wWl20mKh5X7iioG6+qGdDHrMEQJu7ArpJd00GgIymfBo1OQZgwkpuFqGxeY+WanWs6TsAwMTw8yN6AwA1ZeSQD0uHjxw59MQrWtQ8cAsBJHDTZ1y7m6iQ+ZnLfhOA2nf3AEA7p1tGvnKmhCpN08Z9EggEm0IiATo0MgAvfDlXT9+1N0Qccyaaifv78RSPVDRO64suQeBt4zEBk+4VFSDOyhHo6V9NQEMAgGShxm3kD6bT4+jDWyOHwRj5eCCqQg7e3ThNXT0egFNhXq1aHG8BjHTvbdoc411c+SMt/zl/0U/GnrVIVryrd2ovGk/z4i0rR/4eiH7lanCo+AqDTVXhvjHSefeXIQCqIirNu6D+Kj9w1CYIBPuE7AA4NBUGATy2q7/s2mi+iRUAwCkDAF622Gyqojo5egCobLzOw49CFIDhAIT7NDhrrncDeQfWY6ijudQctx7ofIi/O7pkDADgBM9FeHOO3oAvfwo93urvo2UyRqtsLQr9PK8dzvZ8xm9E7vwCIDyZQ8Xxh03X4U6XwUf/BwClA+ddUOW1O69Wo6Wh7f2E/96JKQmBYBmIAuDQ+FQHCnCv/ldbAyshvkQyplrhE3vzalZyPtQdCPVBtxJio5gOYHecyWr6ufqv5v1tYTlQLoRu1XzQZztgOtWeLhnOANCSo22FkqbnAAxat91ENedF/Zov2b4ubobGcYGfL3Dc7KTKBjkDjF5s2i//2t7WpqrwW7K37BMxBQBWNfzfrvXss0amm21ZPzuEnPwTsgDkCMCxSQKOHm7DsfLgNztFGvbWmVwAHnaL5tcs52j5NGxqbrSOIKMtlxvVMG+4kJYATtzUNDwzkbfIELsea8XMdRKQGhgAqNGNXAAU59uuOgAMgbyX0VqFCgHj4nOEb9J0bZu5DNhUwbwE0YapAmDGeJPVQq6bqnFzZGdeA3tWKDay3BcAM4HYzLSOXKw7/ru46F0Tb8tkFCQQRIXsADg2I0chlmvU2ZFrj4j1VnPxoQB8OVaSZzv3bMDu9abr8aYIgFopfFsxsXAkvKdafexbq9NNRWEb2vnDXwr6t07/7RIA9N5mqmL/cjkiW/uwY8xgIi/nygDOxggZlgu5bwAwqV2cnWDyL/EyjMeGFwAgV/43KU8AAJOmzen/U+cu9Uw0ONB6VHJBXzL/E7ICRAFwbCgJkxOICytpsbKkhXRzBvCorsH4KLShdfyYicAXA2UABH+h8z8GXvJWAL5RAECJkgoo+qPu7rSbsK48JRK31i35t6Pr0psB9KLOGt1G6bXxPhJPB7B3r9mvjxMs+TapegWINuWn8SbK9PGPJ/+x3d1K0fSBco0B3Nqzb+8liqLCZdq2hGmpqanM96ADXcRht/9DeNj0EuwBcgTg4FQEphUzvunLkNq1m1hjyt5e9QFA769iqIaTv6GSb0BCiuEXrPy9wG+0S7OT8BbkvJYqirnXkW0DdR961byKIlyzIKqgPyZTqaf5y0ADveX9ADTBvQCDtZZ9poFcSgtAZ7W4SxZcTnjUD4FLotHp+3JfDvEXhfontm+P4bnebmLvagOxGbQcEoXul+E7OOPrCn6OF98hTmQ+yWKQP5iD02dCDN7Fm44BlzDJf6HJShx5umInAMgNr7hz9jRU0moV5vkbVlheDz5vsMwovlNPAtGlBLQ8IFXTR+JkwuIkJt3bo8eJrurIHkIsCvJe3tBV6D92Xyp+FIDAu9kMHM/E39v5IJ0uUBYAkh9JnT/ecZHnZcM6RuUqbanFb8CoEKDFXmMb+NJLRYyUMpjzvvsfPtVwhTNrt+qN5p0yhs7zYDQK+VEBOy7fH1LzkmoRrA5RAByd3Y0wqbpJy+YvcwtNEGvEtJMTfAEgv+lk8ro0r3THWFxYeo6hpMKmKDF6GQJ5HwIAwGiVPMl/NjSVi0Y/UR/zAxcbaD/+JqizAj9vCDHuK2GEPrJSD8cDFcr9VdRXT3HcdD+PF+ky54IAkP7U2TnuhUumEzvzvn9a3GK735XaH8TlXaMNV0g8bep0Hog9/Ys5MuQbAqD3WfmV6QBQqXyVT6MddrdfwXO1HJ3Su+kZqT+SY+UsBFEAHJ2G4HLW/MZ7jDm5/zSID2FCrOcRFFPoDnC8imFjL/7ZjVkKVwWcLwQLaKkaMmVOhrBoQnHrO3gDwTr70636bRSypkpFh3OC5AAAact6qdOAB/V/qd9SZ1fi6+QSI5yVi91cnYHDHVQSBtcXPKpJSqx8ehdhLQ3rd7HxpjdLnhQxniuYE41QuYVby1dYsGD+8bHmd5fFuZZeVmkDI82R5pUmlqEQwRoQbY0ALDV1eJo4oirndCwmca1uTjqBd8A/r0STRY1245EoJAWvmu2e7NNsYYlfkvPUAaAbwqigD/7jGAVfnVorISwWAUP2Ee9bAVjXa9YU7aJvBUdprXllaq8Qs+Lmm6LweWDvEIPBhr6NqprbUJmKagKMAHXxrlr+NgBMuUJmO9StVkNB1cCAqrXJR5KVIAqAw/Me2GciPiqdo3Uz0cajc5llNV8QFvrWejoDiw7ybnari+o6u68wNUle2McdgIduiRRyAfkA3IuYt7WXo8DeZABY+Xv7WRoFmUV9dDaCyjA/RgJIM2dQk3gBOOdnMDJ/CS5GqiKoKEmMMN+eAuaEj/xeoEqohWiUW1QFJIgPUQAcnhwAShnfApAsHi+eXp/SYZLJOrTwzDzCmd8Z6MA7KWBCqNJjIa3JdJPVEyltHgDS5QNOUpTzI2eKigSACEWZZDrwm4SiKMY4YbZOYwO0r5yPoiiKesH3t1Hg5k6/dSsEHPqNos7IFfqh3Pl/fbVrro9ift4CthsP0WQ2NAB5wY/6Cz3LcPiKivG6Y9W0bCUeg29gwe+RLhs9TIdoJNgrRAFweLK9B1DMmOoeR4l41JnowR4hG4saE2taR9CPWVbIdQHE813DUAoTAEmyW0fT1bPT2pTDF7+RaEbTGQEZNB0AABUVZfI5wFw5TdPMvvsMncYG2HY4jqZpmvbl+cuoUyjl4Ph8ANBU6vruUxwASFcOM1A5tWco/AyGdRCL1LYACnzSV/TxBw45LeTvxZTGtQFMBKVwCPpucI+Nt7UQBIEQBYDgMgLAPcPl73LvFnG01hsGAABkxsK2S4wEUjPmjSiPECQTy8iVQM+dPPexlSpHtp//MpmKTi9vvX9nLiJ1IwrIgUQBXaaLshlf488NbNTFwvknPHnwIBoGoiUnPZ69HejRWIxBjeG6cTCA/PoiIxQwpJqo83KUKEEbWXw2dgeEeX1+V/TbuKLvV1sLQRAGUQAIXrOmGkuy96zwLn7x043y6GI/5kLqY6SWsYAiY434riS3bihQLgBMUsBen3k1STjDXjhd3Mkjr6I6s/Yqdg5WaRc9e4hyPwnrVRR+HHDo1GIAwPrS5cv7Ifzcc506nji3rczvANrqFIlO7t9GAGipm0IiAlwSWtC/+ZmuxJ3iPwJFjGjOjkLfmfXHxtpaCIIgiBsgAV5BAE4aMvM7dVBYenv9HMYGOQBQ8jubtQ/6U/t5AMDFR05JN3d+S+3rCQAhDzW39alU4OAjGQCktyuk1QM9wbw3/NEfge0T+Ng7vEtmQ9Q7dzklbMyI9X+xV+d0ghid24WSJvIfW5i2qFHfbbwiwmttDGim5WjpnLSdidoUJerkaoB8079twL3hK7S9AWdc49RcsJOofhoN/uvN3yvF7TMrIhm2duxyYf4vBNtCFAACEDx/Cpr/q38NdX+ImAen13+950kDACXb10Tb90DO2FSXKSpJGN2oXTp7V0RzPqaSgGq1ZAAg133nmGmF3PJ4C/z6bhmfJlWVQlQXNOStquEKDadWo6ZasWycAVESDZhDzmrYnJGgyEz4zz86FXoCwPX8uk6MliDv0qjLODn0by1/fjdhH74Qfp+svCxQHMaiUjkOLoMyegQusLUUBP4QBYAAeHgAeKhXAXgaEMI3f5oRbta4rQgyT+cwFDk9P5CIEor5JF8+reJMoHAx8UTSpPmxllieobMVbxhlJiD5dWFLoHeXayku3e+FaikALqIvWgWRH0i7UzNihe7kryBUWAAkAeS4KAXOBjzT+Fbu2LOTy2Gmq9BMAOpMUSkAttfO7AWXEcNaNRIefIpgK4gCQAAwMmkqJuXtr1vwttTlOiKO8ylcGa1NbuzlKUOrM4ZMyiy7Ks4JYDX1P87109g55XxH3YNpLoS1Vgulml1rT+RkdybugR3wsubVCuvXAzjX01f9udO9OCz41ZqSSGgKSCmINBfVs4dfuMz/iUX2iywLBZC4NwAAZ5yuH3whTQwNi2BFiAJAAIAp2x9gQLZOOl+Ht+vFnP/Pt3youjEW557aW933sdCo/mZRO6RRJmSpXBPxxla8BACIblRdkFZypU6k2q/pPs9P3ZU+Mw7ARiHdik5S6Us1mKtGWq4KkxdYfZMitcthAK6q3IB7/+OUqIKe2oHnSBmfWMWCzu0OAEkJlAvikrNnB4DUWNfPQEJsujyvi+EuHIeQvv3kKn9hqyqFBKEQBYAAAJjSE+hWsazW0ytB3IyruHGu8YMyyhuqr5GaOTth390SNvly1jvbAH+5zzSdHxEAQC+oCwCyu/9SQswPwurcLq92m++Ehr3Fg64CurQMd6bVNVDSdP1na6eAc92459pG4Mf1uZlsEomR+3Jwasg7vFTiJvaIP7VrcQB4ftTVBQG/1q0MADHb3AJrXLu3IzPlZ+1jKsdkk/oNsQjIEhAFgAAA6CHpDoT6aX4frgfdqSjeEKd/eKia/yExMbtVad+E/6G6GIHZ6ofVxtJs47kN7szMKd+mnroiYKgrdSIqqN2G1M9Q//zTwwV0aRlC690xVFTkM8Jf+FpRFgBeg1vEH0BI6alNq3oCiEy2lDe+11TN+8BAYHhAR8b5pOhkPNuIeiMsNDaBYHlIHAACQ7cDwC8rNB6F1Hgk4vyPH56WMV1JSfFuf+t9fgBGDOP+FuMMMgjAvIVJnOqyMv7dq6iAffBLQY/V5380ADaoAt1mLh8M6DgG2oTzdaMMfhEWXqsw2PrWXz7LqwKYF7wsE4jd0JajtibO2BNqKTMSbblg2QRIBIJlITsABJa2R1pjXOw8tSe7HvgbrM2fLeCXinVw1Yn6HncEVtTSVwAAo0SJzPrED1gQu4bDzrZ82QMAwO8Gk9QZ4WKwlut8UVSo814ZT5eaCKCSmKHrBLPxSSmDZVT1nNXzVg+0ojQAgCL/pfsAmJ7m+Wtiiarc2ozldlBgisarSr5ifVS4mooQCPYJ2QEgsEgKAJg/U/Xg8BrDr33+bO1jzOpPDzkr/qjvcRWggLu+AgDw45AR1jSlngBYV4VL1Ro5AaBjEEeTAXXCtOd/AK4+KnOyGgAu5dKNvGd99m81prrJE/OcfWs1WZQUKJZ0G8DcSX17BBr8Pmjy93wxBk5E633FWFsNZ4Bf4EgCwa4gCgBBQbVzAGZPU9weavtZxFxnm3on8wmZkglg/4dOugVDbhnbthLJHr1UNIC7XLLLyQGgewTvHIJAWJ0nekLneZRXmAFWuAWcM2R5Z1X2dvpq9DVxZ25eE+mkLYNHpZvZAWwOa0094OSCUVEUa0VPoON6JkHDtvGobTg2AoFg9xAFgKCk4SkA8xYzs+it9q/FM62id/b7rLNMS3uXYqj+54kAcPNCsk6JB7C0vWhyGaLk/XIAunzVHV+TD5kAUm4ICAFwpU6kvv2VRmsAAClf+90D/MTZsjYP+aEu74wdsUsy07/lbGubiPhVEv5l/P/KSz/GJJisLl74CF//aACZiYAN9j4IBNEgCgBBRdOTAMavTwMgu3e6iGj90vuWvtHVJr50NWhaLmGmvqGLtAs+fQS4meeZR7kd1YC9XmsMqigMBQcBWNKFf/9hQXfK6y1Iv0cDqeu9NgHld3E827Yor8Y+NxaLKOYq0tKLHb3H28NOHNr8wdpMFMg3Ofq+1RLTNz7v9xRp/wwF5lprSALBAhAFgKDGD+cBDNmYAWzZLZ4BIL3pj3164v4WnH/WRKrbif+90nqydxtqGcsjLBoV154CMH6tiTmlDfD2uF5jRaOE14kwYFbftJkcF7aMBIBtnKwQLAx9eravsfLtg50BlP/7k3XE0eHex6anT04AgNV+AXsuXzRSNUzEg4rgy6Wu7RgMNhECgZBFIV4ABHWCzzUChtB5Etb8J2IKgFL79AbvL7//c3aj7dxGh2o2fBoK5BHTNdEwVRAeBIyhcvc2Xu/VgCEcbdCU3HzQ22CYw7JTtqMPAITmCDBQxaosP7zDeIWOFA34tLZRVPxbrVCqCSp0cQsEgD7A/pTK5QzUrfNIxIHr3KgGAGdF7JJAsDpEASBo0DCkPjAUdUJEzHJG1dP/PHeN8buM2hk61SpZo6TaffSIE1aMjVvrWg1gNOJGGq31pndXnrZld6uFvdSrEHng9QbPy4ypelgQv04txOLxccYdHJKZZXVvAW4QInC7KiADChTAqzgmpEJHdAhKmKLfPU+cPa2FTJDbkwBwsb4oXRIINoIcAdgPH7YCAD5tsakUdZN3AwjdZ42xfvI1EUS9xPFSL9Ruv50AkMdA3dMPAeAB9dBAOX+qXwGAUSsMVpgPvKpTnOf8/7hiaJD+bIaP+vefNT4EAA4k28f8j/EZJmb2MYUAJ7Psn7YAACAASURBVMA20fAfVInqEceETioamJCyGQBwYMKcnr06bYWlJJoEABu6TQVwlcz/hKwNUQDsBxnjAZYSY1MpKPcu/wDoQ50Qo7cMo4HSJIuDTRiPNd8Tr7p5UgmAwVh/SWkAkHRCO5+BGdSk/wUwijpgoPwcjbidrKuenFsQwliqTFht7YeZmThCURQ2ngEALKPb8z1VsBC9TW4Ruksg/WOTNWTR5Wn5yHPbsynsNLO79abphpX8Aezftr831Y6iMy0Rpo9CBEUN2AW4+NekvlpgAALBahAFwH5wX/kvQGX4ijiDCUG+eQAAoMV582Oc3HUJNV6hk4uJ8ECFKimD+z0pDSDeYE1KCgBScROSttkPAB2pq3pLnRBXUeErkY/LnP01Js8+WnNxn/IpJs7ZmWrD3LX9dTJaDRcqrcikjX/L5dPM9s4mYQCAt3vL3093aaP+6NztywPHT/ICAJSXONeJj4n5xP4OPONQ6SPjU0x8KZpiUlqPPb4V8PocZ363BIKtIDYA9oPXyScA6EEtbSqFbE9fYLVsBNAItyqb1dWzuKpXahqvMozy/JTXWIU6f0Y0ZK6elAYw1ojGer+Msxvui5yYrcPeT8MA1LqWU4/ZnhPu/q6I1dOUS299auzpqH5/X+p0QpVMJnDMt2Z+uPVf+w2Gjjmsy9H4Y5zqpVlYDgOENHh0MF3iNUzzaZ61QND7lDEAgKu5AFzOK6fz5MWwlWaN9jqJkt5XRaBYlrs3orruwo5VofbxxyIQBEAUADsi3QmAk408qlnOvesF/NMfTkMAVAn3NMMU/Unp/eEm5n9gqEvnHYWMVWgeeKYxANwPADB9vKfBipV61S/k+XHXWr5imqATirwdCtRAmLe2CvDk6IWGd3l1NjZYdf32idRJdRjwW02ZdFE/AEir0+3Qz0KlFZO4cxNcbS2DES4GPyi4dIJUX/aHNpD5ujjtYGwCUBfAxHbUu0qM4T5/zjkDTov3qx5MrZfSlgJKt9mFunn6jq/gJaxfAsHWEAXAjqA2Brk4bxR3D5snh9ueBdAa6Ff94jggqMkv1QWmo4kK7X+Ky6p4gGv/jcYizQREl6IB3OkMYMo4I7HxfH9yBtCpKC8pudAmJXMkgNpdOtTTVFW2X6llJEuOPoIVF5vdpaFLlY8Lnkwtngf4hbkL7X/gB/1WglYlcXJxo5qZrQmO8gvxM+SrKm0HlB4uSQxm7//4Azid+58MgM7swT7jEOh6ixsA5w4azypuTfVht5mCu06scmbh4X01epKjVEKWhCgAdkSZpm+kkp9tmV3kYIdXfyzPl90LcK1aLm4OcOZMn5JjDK+6jZC/3lNO2f+o7nT7o8aCDpfElt6IGBANDJlsVJLMiRuzOYuUDUAD9/4dFq4E9uwZVHCK+qzheQ4C0iW93OxGScar7k+Ulzmph0l6Gz1vRPAFm2sAyQMCR9nzBgBe+MClpoeRCr6+wDMJXIYeYh98ZWbyGMZkQfKuhoGGBx8xjh1UxlTNgpkDM+BSU5X5sKDv/qclwye8H391FX/5CQTbQxQAO8K1OEU5O4sXgZ8v4WOuxuaiGwXelQKA+9SpbgA247Z7sd/5d5aTq2e4tHdynhRjeVUTu7frHnMLqL3SuMPdiJ/oi+16cRaQBx4eCxe5AliLB5LqY5WPnSeYjj/PsP/3tHsAsDzcRfL2jOp5hetptKdy9fgaAPCueN4Ws02ESLQG+adxyIbEwLmimPjgVdAFLDBYfqJEaaA4gO0ySK80VhWMUVzUOqnXS0B6UJ+l6X0fOVxcofgrMcx1mvvYP7zWDqeXAtJBEQg2hygA9oQsIwfVzmajh9V55A9qFX2SXeK4gk53LfoaB4EF6wdkcv2qZNDOPCeEwXJ3w959gOeRnABQ2IRDAaS5KTT7hd/QXHEHHZc7/0fswa5xuFyH+TAyoRbIUE4Z+K3lz/yAT3k1S6tlRDChftS91ZnPQIY/KpUIeC9iIEYhyD1Wcv8r2sgLIGF7A9w1+MVJUEiVDUAjet1AOtW9IgDIFZmLrlwxMUC1DAARaZoRBdQHlP5M0VGlb1S16bEdgSAYogDYE/mrAgdtNfi7GXf9kz2WDD2qts52oV/8eScMwM8/I6KIzEVjVU/r2W7/REU0bfm3nsD/Rhk6dFTZMFe9sQeTv7nmBIDeTqbzrso+8hyXF7noBytzLgSAukAM6FyHxqsnCthcQze7T3o8BYk3AKj5JgTXkNEpqw2Pkyp5f7j2mne2VQC+ea7k7oyYbXjJ5haUxRBxgSGA4UDFmgrZ4YGg3VgNa2BuAKDiooMuhOs0q1tbuS0Qs9mkDOvWJ/udf2sPSZsIBAEQBcCeqLJHQGI5sSh0Bhi1YMybjhHqT31XXbnpPgAAKgLd52TI/JSn4NkqafXw6ZOL/7L0+4ZisRtj+ZJJBboV1z5zph+6HmZ23EfNzG26k84FLOuRVm4Nqn9kvM7yAv9zwu1aqkI39fOJxDcSANLr3bV6+CMnnRlkMsdP2sNvVaresOms0n8Zj2AE+W5/sJwkhrk730CIaT18ewFEsjtbUlaVfHeqb/gt7RdgZnVDlgH6+WPwlkLttv/Iqw2BYC8QBcCuMJV/3sK8WC+XnV6jFTK9Vi14xfUDAOzYAewrIAeQGeQG74bq1c45O+0ILHyhgcChx6ZcXB5UUs6+0p2c8PqZRBKvfLGWNmYkoKBF/U+WPkDpiALZbjGmYcOBoEvMhjBVF5A6AbIQ5v9Jelt3+jyVDqT/yCk+rZfnxZY3bbqt/HzPbj7VbXME0CDCdB0FD2MGNayg9YmmZyDI7IjL4zqg9M1SB213cEcgmAFRAOyKVj2G2HD05/1PUJmb9+sWtENlqfOyvwAAnZhHq/Jp5H+jMnoAWC+P2yN0cKlbrj7AwXQAkCTcPnxGFbcl8mnbYV8ncvDayqxg+Qy6HVC3ldsU9kNSLEEPpjtdelsUCQP0tRj3SwZAB+or0k/2n96jyj3T9QzjzOHD0tNKcRHd84yxeroNBb1GhLVSsntABRP9qy6TdvW42U47F5CZ4zNI/gBKvi94qK0IfREI1oYoAHbCztvOANy3Fztuq5WfU87zF6qGJl1ck6JbJnGB818aT4bpVgLMj1+jDLWmDL9/2l/m6wFMS8/+Na1VMAC8X2DAG9A5DGX1hFHKrNADANLG5QSAzIBeAJA+ll/+OrnrLADAJAnl5OS8Hx8eBesTWx97vDMB7AKAuBVSANj4yAlA4iwvADh2XrEtkCMBgDNmyR7RV1Ncd4K50/6Nvg3zA4Bb29wBIHlIaQC4vVU9ErH0SqSrcX/I1PZ1AeDNn54AkNamPgDJtHSmUbZLV09e4JDfN6NKVwBImRT3LUSGjMrdACB1PNcPVnZiZiYg92Q2VMa5UgC+MsYRK9+azLDkPQ5FlB9NwtycAHD4kgsAJMzJBcD1txKK38EpbfHXiPuPNT9K6uvj5xpeAN9GlASA6zvdAeDb8FIAcHO7dojnnJo+Ai7pgAfaLU1mQg2ndqwNAK+WeABAaoc6AOKnseErkn/WtRMhEGwIZWK6uRgMAOvsIjLZd00S8+6V0Laa/6WvAg40y6ApytCbX0IBgPOYvwyUW4LJM9I9JQDONwIgj3d1B4DMREP26VLo9ety8gQAOo5pJs2ufsedXAAAJvS7hMr+rCQiSmXqn+wmz1CfamjVJ0ozlgyJMgCgc0gBZUJdwNkzOQ1wzZac5nykYBXmN3HNlqxt1kB7uABAWoqeO0VPe/u9zmF8Btf8KF3dAXxZMCsdAFzDkhtncPoash9s4o0vzTO1P2aTUKnj16YDoJjP8CsFKD+gBJPqh8vPO1NVvzOdUwIA3zLU7vYXCmC/DZKEohs8ilZ11fwoJS/O/6yhEdCezgCQmqrnToWevwggzfBePjiFBgA3NwDISFL7YOXx7EfC/rEIBMuz/hcAO7qZqEV2AOwEQcF2RMX1H6PrWAVr1lhaEADxK6exV8zZv+ulm316d2R3BZw42APqgcpt+I47uRQX6UD2bGo+YfsrqgcFMm6ykF39JpvS+8HH3R0ADXd4eCiruBtIMuTqavgO7sjF6Qul+VF6MKI8aRKu1yHDEFSOHJmq0bh/sO6u2dTG0WhmJOCjgmQaOnGKNMICyXMqP0PJlH4Hs7tof5Q5PfSGEXJzM3wHwMBfJNbbR/0UwFn915EI/K4RCJaGhLAkMDz14xt8LpNrGBz+yLRW8rnqXc29TT7QtmkSNPhaViszcUcBQQG1UC1781d/a05H57oK+sdmfp/HpS/XMlFRG/lHvTsv3z5+MjqcOZtdqU9MtlZVeC/Tl61Z1M02r7ftronYHYFgFYgCQAAAPCt1rgnPJu8seBig9W4ud3D+iZyHnGaKkNJVJB5geGfLndbU+Musvp2BSMGNy1ysw7dJgTWaJosfH92/f//+4ylL8guWwhSL25g6aZCp9KnSTWHSpsBcCl24b4kw1ASCJSFHAAQAQMkQ7k7VLBIDm9OWICOtGSKXzvhzgrHg79ak7l++KXqXveKQYdY/phO21hSqQVxuUp93m2KKmPkP30gAOG3atN2FBup2/N9NC0UzeHPqiKkqFZUxtS9Wb/zlYknLCKKi5GK6v6XHIBDEhSgABAAIBe/537psmXFraMi0uVPm2d5YAgB29Gp506ILvk0ThK9ZY/aihdDQfCENHglopfgonN0lADDyTRfmxXItwEK7JGEDTGqfZZVXLuvxOK+vZQRRUWRdp2Qe0ZMIBDuAKAAEAJfqP7S1CMZpfi6+8qUTzad8tBMz6h5fv1q0/14dRgnfX/ngtzg9bfko/YWPZMZc0c40jTZnqVyKNYQow+5gWMrrLeqnJzwiHQQBqJUdzywkjIL8h73oERYeg0AQFWIDQAAu1X9UxtYyaKK9cMxeAngejpyl7UMBWAAPTrmOBZOztBmpeCnfwqmnRusve1821ljTW1GibJVb8HAEABB7mK/JpYzJDGhRcqePXGm6FoFgPxAFgAC8u6sdJc3W6Ex/snTkmb3NFqLo4wAdP69dmoYZ2jZx91AKmWG1limTyw1s7X0s9J/hI34J9v6aR9iQ1k0IHF2bb6ok67znnOUjl1llIAJBHIgCQMDRrtlNV9KFttw6z2uK9hP/9jLPz73OW2xEXkx1BwDaqJObmUwX3vRj5YI0DOSVKHDYSN6atJNdPgh0WY+xavyq93ur82sgt+SfSg3q29wDpmsRCPYCUQAcHvnxVk99hTTMZiIWu6i0vy6F97WH2nHZbEPt05AC5et+UXtWikPwGl68EtpQsqxqGvCnvrwEDzq3NtxOOn/5C4F+e6WavtfqS1g/3Iitz/cA4EUPH4tIokO2sEd6ImkTCHYKUQAcntSWT4SdZ3s3ElkSkxQNe2ntIfXyowvO0Kg8TX3ZW6uwuGOcETpl0WczAGC8nl35yPJjmIvMc+c+65Q6YYDQMcuv0twByKZMJiTEp8AU0t+1E1GbZFVpC8ihjzzvV9iHkkogcIAoAA7Pxsnmx7CzEgU6brGTYIDyLj2BHpZ0SWycV2DDjG5dACBDd4a/Hng9CABObfnfmsgZidrFmwfUFjikyg+QxUNx0HB6heAuDbOJvwOm1b42XnNe/cEhjxKBYBcQBcDRWT18vK1F4E6TryPs4+1Kd/QByphhqW+aGJOhbvTj/LoYADj9o1Ny4lo1AMCyWq3WDC78y0zN0mXDKhQUNqIuShPEepawDpytNxWlnZBrwUMDDhgEgt1BFAAHZ/WwNC9by8Cd7Cuj7eMbS1na0Q14c0pYO6oI86OodsGFGYyvx+7jpUvlcRn/z8He6qWLx7yP124hlGMzFFeWUNe61+NtqWhN59HsW7cOtuJwBIIZ2MfrlGAr/hqWaR+e9ZrEGjKCl1a3rsOZIbSzFVmA3CJHGrzQ8HkOANjVNR4AXD3ublUvPkG7ifU7Hfsxzpe9zLSABrDzX74tEouKbaFpDKevawdacTgCQThEAXBoMl/ECrfXtmA2QMqgVL/DLhICuTTTfpKULvIQ0jBREy8/bhjlC0C+v9sn5Wyo8hTMHJNi3mpd9QejT/74MueLuAQASM7BN7GgaVrwj7crn95JdDGMQd+daMLowLJxJAkEjhAFwJFJXfSeR0RVbd7aJOzZ2sa2GFUHnWPofU9EHsH1pJi+dJmRR/wAIHrKS6V14V+dFVff5ieYF2KBvq+8fN88qhg2LWrzFZ+iPbb3MatbPcScEPC1s7bp6EUTBhyxXpbwjiAQ+EIUAAfm28rXKwSFAGLIJTThjFkMvPrUFsOaxFV01/f0Cx9F7OzepZBkQH5+fjHls8pK372IL8vM0AQBNGmidH47u84P6DO33bDwUf/t7W5Wr/pYa8Ek1KLhOvlinJHi9513lL1vpJxAsBIkGZAD8+Xp7znNaJ7TQqleTXCs1P1yNhnY2uSre8NI2D6eZJtwb/uFaZIVZ9cpH11oqFiGJm7vZoYiCADllXZva5edBgAMqS4bXl18+5JH00UzVbQkhQpO/92Qk2j80R19upUKuFXZqhIRCHogCoDjIp/aRGDgV5vS4uQtmysAO60xiFvttyL25lErYPCs7Mvu51I+WaxI/JcxqFwVc7tXGBCuGxzLeJW41jG3S71EHBMQfMH6dq6eoxcO3qT/5ZoxOGBlYVS/WoVoAASbQ44AHJfSHuJv0FqD0r1u2VqEv41t8IqGyA4anpv+nfhCNf/v/U+R+K9MgSnZxBpkYKpFvUrvdPUT8MqywVaV2/TcfvpLfAtPLu4C1Lha5YF1RSIQdCAKgMOSq/aarLn/4xtmpdQuhnE25+iEM64/3BW1P6cIWnXSv6eLQomR+SwR7zVAixAciTbsjxAfYjxsJfUTZLqtnX83WybeSFY21uuxSnVexHzaNa6WJ5aABBtDFABHJTV+i61FEEquFjZeO6VFW2WYwBOWC3t46aePrBKT4tROjA5FfJNsl0YbcJOT68Y3ViM5vvZA747dpTrzqkUjNhpkfb8gHdfQ9GpYoriuEVqWeAMSbAtRAByUL+UXmttF6jsxBBFA2X8fWjX7rA7zreRWnm6xJWLGo/B8zNXnbMtHitChXDydLOnl5P+89DtAPP21kJGGR0a1Xbt6/+4DD9n754pviY2+LRtqD9ayWEzo126FNFZxV3sBcQUg2JasuQlMMJePP481O6B6zG5bZREIaCfrYqOhGQwFKhSZwN5Nilig22tJ0qiTCgeDdauHiNHnL5VFm2VvxM3yKFzgWXHdkvTzC0rqPlXiNNUPACr0pzsAAAYeM8+30WwW/n6mo/r916kBE6XOnbcrci40rxRSzwZiEQgKyA6AQ/JuWFvz45VTttlZBVDi6E+2GprBSoFlfLs7u5vbx7dtW7du3abxSOosLbOCXUpHzxHHErSm/scH+Pf0eXtnD3Q+sEdPUcq/xlwL3m5jgieX7NGR8UnIwx7C/2urFJJOP21T28nI2DG1+BgpBvUe+IF9UvFRfZvIRSCwEAXAIXn3Q1/R49ZYk6K9ZttyeKstLGV/mB1fMONS3Zr1eimj58XMfI6q9erWY+f/F377zIwAoM1yjbuOx3h38KF0IIB6+jwgptYzlq/weasSzEVimOaXu90J3kKIhE+rHspjfrrPmQlD3QCqZ8euX9hn/jaSi0BgIAqAI/K5ul8WP/tZP9N0HYtxdrq1MhINSjZdxwTl/IqX9k0byc7L8T/ObqW2KH1d/N+WIr8CNHPhvv2R9+TrUtIdgHxsiG7R9XFGW5Zit6QyWQc8Z8WpRAG+MoiFa/+2XgpDQGrl/4p7AIBTn5+802wlEYGgDlEAHJC4vHsa2loGM3Gp2tZ2g799bK0ASk4Cot5oQnUdD8Alk51OM6/jQQFVEIPEbW3MHcAQcrlcLpcXet3iDL92n/3dACDfPV0TUyrI+NaLXPNi9Vbbv92oEUuVB2XeimAL1JBlbjaSh0DQIIsvBAlCyL27s+lKds6NulPm22psynopiUuY2b7OGMbrTJqamAoqD5yCL1T/TxkMKKr8BTP716Vx/6XpAJXs0zkDAOjjTfi1/7i0JQAge7ditTVLUrDMaEuJ1kXiV3s45hpNUSk6070Esd4A0mv9bAOJCAQlRAFwPJ7Vsa0JvTic6frVVoGMpdZzK+tn3gzxOSyUuXh0rNhk/BpeK+fetT3yKUqj/C+Kb4R2wrlMJgD50ZaCmtMBF5kLn4va0/ePxtMApj32ZS7iWedJit1n/6C3utUYJc/+Po/Ws4yFeZ6mSVznNFxsE5EIBBaiADgcj8pesLUIYiCpfaS3bUb+fKm69QYrfaeS8MbvOqxlr8oeKVIJzSqFBeWZqir2vyxmvP6IigCAtLETzenlfC+FTpJxtaLmytl1uNGWr04uZS5O+ufQKBhrlcwNhhnjskH7I0keW+6q040/Fhi3aSAQLA1RAByNO5W/D99jl679G/jYZOR7JY1FoxGZIj0jBbRKkwPAq/EjWR+/i2gFoOKDcup7FyEQc/6/XY11tss0q5vGythHlfYtKtlNreSmKXPCTMUZQCbzVlO82yQ29hlFj7KdtI9yklsBjVtVIa9fgm2xvZkMwbqcu/xdzP9AwX7PbTRyHQ8rDiZI2ehQBACe7GVX02eDnwEAymKfqs75BqIGNK7kLUYv21Wecd7zenSfqSbv8SvGm/q06fIeAND8xRgawO1xClMN81QS88m+rvJLPY+96lnze0Qg6IEoAA5G+LjvxffY2a/hG9uMLDNdRTwEGbLlcweA4BXMKfjpJk/ZsHqftyqrnG/0xFhUPcHQRsP1m2K+mn+cV/GEYZ3rnWLvzk4vY7ypS69u3wAAOVZHUACiL+Uz3sBqSFtt9rV5/ioCQQ9EAXAsrtZ+pG2QlGWpcbRojC3GlVsztLzkxAzBbaXZGUnfRyl2oFXJgPH6ofG8ekLx3G5O66quI9Qi92fPR4f8wF6/fmwqAyNV2I8Js+9UnQJAKfIS2yoOoBrt9uf/Yrh0FUX1sp4sBIIKogA4FNdqRX4vGwAAWi7XnzLGsjxsYk3vgxDajIxx3kw4vd6KzPSpTkqfvIN9zA4xYIj0z59jhepIW+gXDc6pP1Bs44f0M71f3ppmjyEWj3JLiItlwwIsemQHL7kO+7wN/x2H0XQClWVzcxKyMsQKxZFIrHmrvK1lEJPKgTLrv9zp/QHWHE5+X7i7Y2ut+1YrWUN62bGhLyyRZggAcO/XdiOSBecwOKL3adrjK4V5dLIs7wpA8bGdt4dwAB33eX3Ib7D02ezD5awoDIHAQhQAR+L8zMq2FkFU6vW70Mj6o1p1SzlV8uPOoSL19fysIipf4tBQ0T0olFO+pGXj5mJ3/urUjybrfLkH0LkZZ0Q1Z0ek669uZTruK/BU6QuQorlD8qjs3htVrS4RgUCOAByJw21t5DlvMX5tbP0xrZ1itrtYSnp0icOKy63DzA0xqMuLa4qrceVOiBwrMWV7V1PeECm7fgtzoqSVbos7snh0PKhKcNhTIwPT3bKXO5H5n2ALiALgOBxo+0H8175t8ccOaw+ZNMvKA2YOEhIJQJcov2OKI4HFI38RpUsNbiqs//yioqP05fIzg6TXTU1VkR0ZNaJO/XpXq1xn7h/dYwusrbAZJHjyXcVlWfUQR3crhooZkIFA4A5RAByHPZ8MH0JmVRJ7bDVdSVRSCne07oBFTr8QpZ9Ph1uwV4vHp4ritK9JWcW7xNOvpJ/I7xUXvxymqtTzL+EJoMbVB8z9ZzYC8KXR1svcYJxcYRUf6Xn8uGJobT2PCQQrQBQAh+F/u78bB0AVnnG3rD2kl5XtZigv3ib1NE1rtpEjhqqnTIp7UO6q08R8VNER1Id/R53k3oW22EpymZz/kYN1l/Ri53sp+2r7cNdu1N6g0LK6sZeelrlM5n+CrSAKwPdDorFC2doRyfayFBITlx0brTugxJpRAAAA2dvwVHJCJB3adKASk1VPpjXrvZ9mMxjIRqZa9IvwinJr30mSlMTcFXrR/Ay3T4yO3yPpIvmq71sc09m0HaTi0IEdjI5l762YutEktS/5PVHeZKQAiHtSKoTs/xNsBlEAvhsuzzNWen13jGDPLHvG/eaTZIOFmY/jRB/wkdUVAL+T/P5LPzeIPHjk4OIpYxKUj+afPN6BvUyZm2Aipq6ZePY4eWj/hjnt4plbn8dNuQVsvJzr6cu92xfX0BMxJ19X3lI8bW0xN0czqHuhtHIPIPq3FHzMve/MdxKZm5AlIQrA90JoPWM5T1Iv/fYdHgAAQPaMPxMMFF3eX+am2MPJ6gpLc2sOGZdS+FS/sLQ8gLFLCpzSU5i07Mv/LHSGwbrbe01IBvotbDGMjX5b+m9OKhNdP3JyMXSfO/gfnaL76KCngQEUv9w2f817+6DBJb+H7GWB5NV3CuydrO3H8trQt5lAEB+iAHwnhNR9aMTHX77kWVnryWJVck7/9lZvQdieeiXW7TMSgVUYP5mRnlcg1a/xia+/o3M7AIBzN32lHz7OtlAIQGoxa37HxEkYWZM1x+eYi2dHHyZGVU9dq/2R4aabH2RHSVPk/mXv3+/iNLrVqHt5EnuVe/bHyqc6aZd/mrDUDkIXExwFogB8Jyx4YixXysR7C7/TDQAgR93f4vU8vlKn9Ivqvf0HCjwECP2g/7nUBqnl8tXlceyws8dHX+ZKn6Tpv9UxFVJfKNlOh6jfOtfj53/XcyHzUz43AgDwacpjtuTMuVqmm3dg/UGT77bVeP68oZ+e2jakzuGL7FWu6YMvaBUmz+/bOm68lSUiODBEAfg+2H/caGqXHVtMm1FnWVqW0p3qnrULulvJBy4jKwiLA3er7jf9Bb2tbgIAQMbDan9RvCIJnqseUasUaC+KRHqg/DXN7eTNWIM3mpv0rLE+FRsNAK3zF1MkKwx9YqCFBgXZnwGMguOi+OX9LOHxYA5RwZfZq+wrTvbVLEuNXM2Y+wAAIABJREFU2NXlzzvdrS0SwWEhCsB3wf5O7Fb3LxS1VLeYam430VAsgFPxPFoaQBJVcjgdCAASn/yCNIDPoez0s5DSdE7bul+YkGbhWYCzEcCCWwpVL6a0J6DlEkjV+9NyZ+Jyzdsqh9nTbE7Sd1ccUckWdcQCivKlB7OS7p/FyY+PDW0kmX4AABJ8FLmD5Abq2wy/qHqKIw3nG5sBYKEyqaXX7hzOThd39rCJYAQHxL5MZAiCoA91+pgbgOyv4S3pNDeXXh4a6U8yGvTcYCPJrMOA8JiCarfpru0H31d8sfvc+CTEHJzxIpcf6NxvYCu505FwDpvQFqT3HY6+bLLlkxW6EJ1vcXAsXLO3TcerY8WYZ6lYYxH5tJBo/EDvCNOTcPpOVkvJLIDxrdPT1RTWlJfZ9bfRgC6e7gIAOV8epClAPqsz89weEgFp4fegXFgQe00Dsk2TJn3WCMxEVxq60g7lJnyHEAXgOyB6yIt8ABB+KNYLrp//Kr65hdr7I2FM9eW2ksxKtC70TqkBxMf2nD4bEZdqs47hzYoK2LRPe1IRAB7/+qooAIREVbftCznNmIWnGhfPxSkEfQzpnwC9Ss2D/ou3db4IT4LdAKVHPqdF+CzFwbcUSxtVUC/5Fl2T06BtZ/4OAHA7nq23qzJjU3pUQSNtbETZO5XUNMrwn4E8mt/Rmz//9qvp7McEgtmQI4Csjzzkfz4AkHJ5thcA76nX+qlbvp0qutg2clmPtkcbKi6/zP5n5GygwNX1qcyDVrhnqJlhoi74Aki7tKQoAKD4ju3swvqBmZIKpHcVTtUSrs1RmPg9KBs6asaMGTPV5v93HVaNFF80XYpeZz3d2NXFa/0ZftV5c3o2e3Wx12iN+R834/JyGvVPNl1gvi0nX6oWNq+3l+bU2rpUvBOkcmwoPhjYq1ku/V/idRAIlocoAFmfNXtrA0Dm4rfsy67kWLUFxafdPb7/bZ6Wj2+wV7KWv3YFkH9JiMKf+k6FawZaGaFbQQBxR2swd0U3rmUD2w3i4JFmAWpyC+L0crJi/X+z/DWdALMX+wwRUyZd2O9Z/m7s1283o4OdmG1S+rMjFHv+DadolsTu7paL0+DOddmLfN137t61TfG4RzFOra1MxQe1LymuC0+7HKLtDejRbY8+zxYCQWSIApDlWXJ4byEAmPhkvuIkUaZKxva1zw92+QoUmWv72Iu8jRkjuLz1f2MX7RVv7tTfxhiZAEA3UOwfF1Tk0XGykTFAymYutfz+nvM7E5L/36vVtQuf/9LAwlFxf2b3R9gPvkHqWACIGhhs6i3zaHkjVnnYCS1v1i+FA/mK0eCnipWCFTsfMqNVbUbZqIXK68J1dIMBBhQblmpNeQgOClEAsjzjTl0AAJxfpzSWyq6MVpdUrMUAe/ODsgTlF2qHvfv5neK7HbDsGN/uGAWKUh5en53OXtgqsPy3vlxqufX551ldALgwp5x22fsSO4uLLJQWxU680LjPvvBLcLu2Hf1PmTyGf3VbsUm1VCtsQ3xp/2x85fAuU6ZMmUJ8W1kZv6MHjBVnm1Cslp3qLoTvie9/d/i7h47Nc6gtQA1Wy8EeSrMzVfpIqxz72pxs0We0nrhUkLI70XJ84tlbTJn/AIBWKgCvH7P70MKiCpgPx1nQxWVdB//HuNTwmXa4vy+FDrYWXSpNqDzs56w4gHLeJQenbDw/bC/INFp0XStMUdoc85IvG0ovaHtivfcbC3Asnf9ITjwBCJaG7ABkfbzftzucFvCz0sNLvmZ0CvvSjfPmvYGaRfEYvFvL2Py3coqzj7F9eXYmW/4jgMyCyuBKityyM2wWqL226Xx4DAeqVKfqR+ss9mP+bCeyRLoo/gA53BRPJBKJhMumSXd6bq0WSenyF1oRA+j85kWwjvezx5RAAACvDx0P6T79wpK0gUoj72aCxSE7AN8BBaJ3tR2rMvUP3xvLvoE/FtjT2UYyWZsCbxqXD9B4MrjP3FhvAHiUxru3DACg+yqWaN+iFX7btrEBBBAymmvNnamDg3y0H0aVOSeuPMYIVhuX+WHaFH/q1Dn9631b9afm08fdzNwAmNHUrPaWJP+LsntaaT27XmNuJgDJ27WtPuVFFPJ42UIyguNAFIDvgZJTG1VT3qSGzlW8NobudpT5Hyi86LJW1NeJ3kEXCuFRXBDvWZv9r1BmZbkSr8ikkG4r9+z0QxOLcqzqtmxics0gjYX3g/KXrZt1/irrvO+/Ox1w+YnLRvz0L8eK1Dqfv6r6s7Ihhmprcy2VQjlvncf2nFjH517VzRqJC+5/qX+LifeQWLdBXtys9ueTed9tCg+CXUC2mb4PgpSh02SLX7GJUHHvQBcbiWMLqp3R3J93Sh0ws8e+/WW/3uBruS/f5AkAatHoFK5ottOXXRf+y7lurnk1Rq/XeDIs3Crzv/Ljuab8yLv07NmzC7d1rFfP9ptyVtsfoXpyEbr28foJq+mEsFl7k9nbwxyb2ZaSd9qpWwJGBqTdZuM9Ze9ZFFeq3R/tF2kTwQgOA9kB+N749eMqNhr8vQqXjVf9vijQYM4KtduwVYvwUxXgobEsifqRVGkcn4nsGcp1qzNrkH1jps1MKiUNeSQhyJv3WF56oOr+wgWreC9Ss8qyR+7bbmkUfOXag79/1LtKC7opjDcmcUoDBOBS/Uf+qPxh/g8AgItXJrF/OhcjbewA3/cF9ypDANypfKmuWllo3fvlUH9SeW5hkAgEQRAFIOtCd5BN0on2MvjSbfat97iClbd9bc2gju3UzKpu3HGDk0ATsoYxNFx94liLtOReB0KZq/vh3ILSWIJMXpNZnuRs8RMUNyENuU6k5lH5lxhGATi2cpHQPvxKfTnt85rVI7IZTXGpIqTBQ3/As1SZJtco4ErwfYXy06y+UDmsQ4HPPZQKQMQ59fn/cr2HZYCq3fIlkZjABMtBFICsi9xpSYlrGvFeDnZQ+WA9LxPiWPM/XI6on3tLzFg6UXkAfGGd/mUeKxSLb8qGyzHpoBJNeFR3V3mRhzWILmmkpnhIFWfwT19oait8fPGo3F06sv5vy7gaLr6NZLZ5Jl6WS3E96IFS70ucx2NkW+B9cvko9rK3htXGV+QFIP0l3TODvKMJFoPYAGRZ0p3qFo+s8VR5/zUZ7dVSv37axfX89PthnMpOTvbV3DywCv91eu4IxSOJDXPLFork58wgUf5rv79mnflfNdFTSg/26sMAYBq/+Els68yoZOP1lCjHc5U+p6bdVe378A4iZHXSRv+P/dQ0P6PW/+aRA8Cw1c62ij1BcACIApBViXVdPgrld0Yp5qSnXlPUjeCu1bLWW9+OWPTms+Ly6C2NUDgfHwveBXeaqrj69tRYPUuT9lRYcNgjA63vS6ZUAMIAAHMEdbIriXNVhebhHl3izMlA3ef2i8uXgxsz9RW06cW4UA5Z7frFqhIRHAmiAGRV/rdyJIBKLdmkIfdKYflJVenVmrer6W32fbPmD8VV5m8ax/Wvbpa++khIj48v3VBeX421pVNWkZuCTMIPDblufVXwkkItNWP1Ghs2h1sKJDW8/S40Fj6iTci94/BWvRtLA8sySRWHrG7x1qoSERwIogBkUZ7O7wsAZWazixytwOG1IitZWSC7oO+fbOQZVNMMBl+9+/XYskJy+W7OqK4KI9Ajt3DRzCZfd2f9BWd3hhluldn+cgnLyGOE1oP4x17S4b4vZ3VLcUp+d9nFBurPj+pdW9sZ+f/atVb9/iq78VH3ark7AIAhQ89aXSiCg0AUgKzJ80oHmPNNxSuu0mOMUEU9O4TyNhDK9rie9GfX+cW0Z49qLU8L8Yr0fIgtimtn284nsnl63Omi5i9qEljH8G8mfe5rOYl0YG3/fHqa39X7OQ242r8/ncSen/8Xomn130pPsF37o8COkUvVbk9/Yy9qXKl8GwDQsM99qwtFcAyIApAleVVi+49af7rSMfOVm96H2sdYWyL7gPrhmOHt0nKDbvPvMXU4FKZoL23sU/ZDxUTtRx1+8q/UPybg7jWDjShfywmkO1gAa4Oh3I8Snj0xqSPnM6y3C9lQw5R2DsTCgoe3Jt4JY9XunJWfWc2rVSIBoNBHC+dxJDgsRAHIkiRtb6PzLI/S6u1I+xiHjSBasMlDQ0WFblXheIr+YZny8je5fBN7mbTDtn6VTpqRbndQFFVid2ZLrzywl2AxrZeydoqqQ22hfhOfSxfhnAyPyqN4jdnQS8Mc3PGL6kbNcLHGlcDHAJzy2b83AyFrQhSArEhUedXSRvc1Sb9+6rDzPyod/ai6eb5Eo6zyyY/gQDo1+Goz6haAr18zKUqVztbWDtlFfRSbEV/vU83XfqaxiPnzO487aEOx1FB8QlWyMdZ/6dmqAACqD+DbE71EO1GOscrszyz7NqNPj1LqLqXyq1SAmv8SH0CCJcmy/zKOzEP/y0pbJ/qxdqlsyy5HXjAUaaia5V3YDyLpMXOuWqjJOw49VF91aOfJ61VTXoR6ddz9LFr5XGprp7Ifxyn+XefsCjlx0RtT2HnVW4h5oyVQfEID/3F9++zJk5euG5il7dVGfHt6wmPmk7JKcGK05vMsdA4WHTtX4eTZqXuU6rk9JzMifAcQBSALElZV5djVpuZ1zUJ6257dBawskD1RYdUlxaX8MjshJfzKePAH/H3J9Cbxs7tDAVSber34q4htsmt+iufpRmztrUS6Ijnekjn1AGCOYnPC7qLF9V9XZMSNKyFb+jG3VA+e7TPr/MC5blLodWbyPFZQI/YDRmzlOartcFoTs5yNPI1BZVQOq5yPQQgEIdjbi4PAgQE5Gh73Za+rRQaEa2R6+XvXjoLWF8mOaFl8GzvdpMw7zlwUGry3hCcAtPyhtcndkb+YtHt9Sl+tAfTGimMtmedxe/+xgLS8GFZGcxNCNe/vrZHf6tLoIVUp388lfc2xXJPcqMy5bmaNw4v95aBruvfTDBxAieCMYC2yz5mxeBLz56wfXvZORebp532TbCgT4fuHKABZkc5OxaMUK9PyD8r92bSiqmyw4xoAMvh+KKBYb957z9pK1D7xzRMA3nHYK6eYUDJ+DWoAAPYW+Zc1uGxUyFATa+Gvbe23thdjl+hX44VdKAA9VEEHG5rVkaQq97q5GgR+ACRPWvkW880spZ4BOzMLvd5yzR01iU2hVCu80u1KAJAwsAnHdEgEgiCy0H8IQUWbj9mV12U/P6h0L0BxN+xHB5//gfz4fTIAwOOGIhxijjLNr7oAuH7TtHkEm/t350XmtjC2sQqAHZiYx8yapX7reuc8owC4l7GPxLc2UpG8vAD41aJoIN+/6TEb2NBHwn0QbUGOtQ0GsHtMta5UjiwPZFYeMoicARAsCVEAsiTSfGo33vVOxSquh6+2taWaHUBTjAKAgtVKBTNXg+8w07dph7m9834FANxRfqZ7mB+UHSgANDVL4z6/woZHWuVVUZ3ajoU0LwBkArRi0pRlrf8Fl3BKcchUMywAAH4bb0NxCI4AMQL8HmiqcAqYtztrvfMsRLm+TMy+Qs8aRrCPCrjXGhBG7Te9UI5/w2yuOGnpxrJ8drgbKx11mLlouJnYiwMApFKpE7vy//NMVls+/1JQEWsyiKbpwb/NsKk0BAeAKADfE0nRz2wtgl1wH5uYi+LHo9lXavrEK4WORZ41fVJOMWHsE55oqVJ0j84iSiiYzxp30VCYvcmy1n63NaCjs9rb7e/OvdUyIK4h8z/B0mS1fxGHJzY0xWBZ/LRiBvLFOBrzw9mJsvQ89uLbXMyZyyNBwr5AdmpVBha0iyX231PV72S1F11hskF+vmITceybrBdEZ1mZSXG2loHgSBAFIEuxd/+Cun/tN1D4dVa+SW5WFcduyVWeDftfYuBuAHh5cAXn+ZvRoZz7sKcFvVj3f/uwlumnoeHtHjoyjYlwcNcvn976hCyFZGLRGQm2FoLgQBAFICuxeGyF/o9bd1qnv/RLrjG8E6h/p2RrOI9NCtR5z6yFp2O7pzzkrBotkAN4tlox4TsHMT+X2IENIJC5Klztrsc05+AFi2gsXPR7MNfUeY5DVtwNcxuZf7QIqZQJBG7Yx7qGwInl45PdAXzzkA/SU5oWvIjM/woq9I5jQgB4H0v/Vjz/wm6cj8h7hjY7jbeByT1YEzKF2eC4b4bbWA+3W5eClDcLURB1qo5u4Zq+o3dOGwpln4SO5Rt+0B5w/3VK4xCyLCNYCfJVyzosH027A0C21NP6it1G/mRdeewZaeGAT8xVzry+mW/6aMz/F6j3hlu6bpBQVJHtdDCjGy9VRN+FfSRYyK/2m0yjAffcm/7bfzR3PlfbiWSnvL2TJU9FnP7wsou9JoJDQHYAsgzyRwrzPxd97k3UonHWlMbeafZf/jTF4l2KjBQ6h2LmTLzZEF+MRUs+CQCYKaWSM093rGtnlmTOI31bs5cTfAEAFPkf1kuW/VwalNdJ8EUgWIas+k/ieKQuSFA4pj2R6RbHgMz/Gvw4NEoZHjF160Cw6sDruAozHyUGRFQw2cE0ai5FP/dl7z5ZQkYB5I18wV4lRN23pSAESzGO/CcTrAVRALIIKcti1yqO+P0v6BS/8tltVXGyAN0DlZ789wcCF5sCAIrtCakHXKnIIWCShsdd230iiyeU9Kt1mfP+rVWJ678xyKuNQDAF+S/JGiQv+TxHkes0NG+DuNMAIC9eg330vM6+jrYRzH6pgwvB7GWJOdOhsOErVAdAzexnG/PrzdlePt/imVHVAQBNi2RFM3er8WH/ZFuLQCDYO0QByBqkvliSg728GIwVEcU7yQB5LvbR0yZ/tbGVZPbL88BE9ir38E7ycszlSx8aACJ9eMZMto9kOwByBbOilLatHPbO09olbS0CgWDvEAUgSyBr114x/59vFJ0r86ccGh5/HxaT+V8X36Sd3djLXApVCcWwuQ+AYtjUl09fe86KKJh5yCp91Gfe/vfRCnOsLosdQ5UlQbEIBBMQN8AsgTzvGMXlq4clvfPn15j/n9W1eaZ6uyS++y7VjcLqLyGU+XGZV1d3YkSSyXxarNQbDLr/v3OpDdaWxZ4hznQEgimIApAlkHyiNjJXh/pm1y58WjKklrUFyhLkeP9SNQvcY3+6rlsNAG7/zNMzQ8iT9lH16gS0VrhZZCicACV2tFXmrPZPGx+vENUJdCyJI69CThQAAsEURAHIEkgvfVy+Uw7IjrZ/UVi7sNS5eraQKQvgfE4ZMumL4sLl47MUAM5JYcd1G8Rmv/viUmhk/pXMbeY6RY4de0osSz9l7RdevLqcq9m+F8qCtBdJ+ls4It5ZMgwQgWBViAKQRcj331+7gbgB0T7aJVc6NrSFQFkB7z+uKlKrTFM+dMeCBAAef1yN165Phy6f7QNgYfgnALi65RRrSPb+kqVF5UGdhsnMRYTPy4h9GcVP3WELcrifsplQdkfZiraWgECwe4gCkFUosn3hhuNHJuqYNocHzbSFOFmDYkkv/9/efQZGUS1+H//NppIQegfpNXQQVAQVxHJVxIIFxHsVlXu9CCgKCqKgXGzYeOyCFdS/iqJiF1BURGnSIiBd6b2FtN2d58XMljQSQja7y3w/b/bM2TMzZ3eTnd/OnJmxS0P9dSnjsjdKUl33n3mb51x5mSQpucdPkmac2eQFe3fLtwMi6F47be+2j0f01Q3t6g1MS+y4yJpOvimCDlQAiHgEgKhR74vul3w5KG/tD93WtA1Hb6JD5fMm2b+WW+ldX2XKeZMOSKp0tjtf+0GNJUmJvaQ5z1yz/Vz/4ZbzI+mce/ejwVOp5yx91ffExC0FNAeAAhEAokfd5ts//C1v5U+rW4SjL9Gid+Pe9ji+w4F7w/VqdViSzuuYr7lvRJ2n/K+9L91bO/8TEeGRh3wla2Rou6lfWJOpw49zlyMAyI0AEE1qb7vY+D1XzWcPcgbg8cSPb2GPmEuR/3dzXE1JUnK+E8VdvpHjCRef9WfzqoEnIuuiu0m+GxMesYYmxGyxD2bE1IikwYoAIhwBIKrUMZd3Ck4An/XdWaHQxpCkrr7NvDnmJbv0zeBCrhETd7r1uLPFfLNZUP3cf0XWRWWG2YEkzj4JMO6wnVziu24MU5cARB8CQJRpt6jTIl/Z+1XfTTXD2ZlocLv/Rn47N1n3A8jZuKywd22Y/Ti5W65qc2G9kPStpHz7MmIqPC9JSlr0qVVhXJ7vKhEAUAgCQLQ5fcFCX/HQFesahrEnUeLzmpusQpL7R0la+Mb3RZ4inlPEdNhZP/Rjn7B2+VecZD0e/fnB6mHrEoBow3lDUedM/2X/Pvxf03B2JEpc+unkZyVJKTe9kOUxMgZ+f1ntglv6T/bPO+Q/4v5LPn90iiQp5/3LGkpSzidm72Tp710Nw9gpAFEm4r7aUGzPDdsV7i5EhYv7DrBum9xoqClpS/3CGt60znr0PpF7F8HOSWNC1rmSufBL67H6kGUNJanxqNcWNTzkWnV51ePMBAC5EACi1vPDjkbQ1WkiWPyi360AkNLm+A0T7R0q7sWf56rfe0nXUPTrJHhfvOwfkhTX+m9JUvmWE4dM3OMWIwAAFB9jAKLWOzls/4unzuB5xWrnu8uecVqumy3KqBlpOTlhk33in3HpcqsQ/0p2tVq1+IsAUHwEgGj1/PZI2ypFrDortherXf82XY230g8dPpLnnXVF3o3l4u0T/tvM9qUWVyRdqxBANCAARKs7uOprsaWMmJn/sr/5TVy1cPsfEx59smrm3xs3BmbwRuC59aZ9SqMqVw5vRwBEL35F4tTXcEHz9YUO/cul9uOSmru+i311aCNPeesuC3sH/nr8mcKggmb3lSR1CnNHAEQvAgAcoOHKE/mhPFDSOX8e8tq7x8wHIu92Cyk3B3YAfZ/hbcANoQCcMAIAnOCEN+ENG/qL5uHS7EkpcT/R7jS7+Pg3epEAAOCEEQCA46t2Z7h7UIA2t+zwBYAKwVcq/PBTnXtbeLoEIMoQAIDji60U7h4UIDZw478DGmLfw2B9M2lv4mACAIDi4CwAIBpVOt03CuA707olkHY2+9Y0qya++1TYOgUgmhAAgGh05uuB/13PHklSuX5ZkmL2mWHqEoDoQgAAolLOb77rE5mfWbcGqjghW5KyOa4HoDgIAEBUuvCuY77iVddZjznWpv/9zeHoD4BoQwAAolLD/r6L/z51SxO79MRfkqrduThMXQIQVQgAQHTy9LcLI1+0C63+s11SbNv4MPUIQFQhAADR6amZ/pL9GFvTOjew77Jw9AdAlCEAAFGqsf1o/umrqdh1k6TUeZnh6RCAqEIAAKLU4Z3WY9Z638WKu77tkqSsLcW5+SEAhyMAAFHqzdrWY9w/XvNVmYs8kppO5l7RAIpEAACi1KX2oytw7d+Ea9IlNbo9LP0BEF0IAEDU+sZ6cPtOCJR3VnlJSvcW3B4AAggAQLTa9L5dGLrQelw+oK1Lkvo3CFOPAEQRrhoKRKs69h0Bay/cbhX2/mBt+SuGqUMAogl7AIBoZUydbBUqjzZWHttntL+1ang7BCCasAcAiFZxe96zCk3/+OVNw/ve9eHtDoDoQgAAolb24r3VrFK3buHtCYDowyEAIGpVbv9zuLsAIGoRAICoVe787HB3AUDU4hAAEL1aNC66DQAUiAAARK/ExHD3AEDU4hAAAAAORAAAAMCBCAAAADgQAQAAAAciAAAA4EAEAAAAHIgAAACAAxEAAABwIAIAAAAORAAAAMCBCAAAADgQAQAAAAciAAAA4EAEAAAAHIgAAACAAxEAAABwIAIAAAAORAAAAMCBCAAAADgQAQAAAAciAAAA4EAEAAAAHIgAAACAAxEAAABwIAIAAAAORAAAAMCBCAAAADgQAQAAAAciAAAA4EAEAAAAHIgAAACAAxEAAABwIAIAAAAORAAAAMCBCAAAADgQAQAAAAciAAAA4EAEAAAAHIgAAACAAxEAAABwIAIAAAAORAAAAMCBCAAAADgQAQAAAAciAAAA4EAEAAAAHIgAAACAAxEAAABwIAIAAAAORAAAAMCBCAAAADgQAQAAAAciAAAA4EAEAAAAHIgAAACAAxEAAABwIAIAAAAORAAAAMCBCAAAADgQAQAAAAciAAAA4EAEAAAAHIgAAACAAxEAAABwIAIAAAAORAAAAMCBCAAAADgQAQAAAAciAAAA4EAEAAAAHIgAAACAAxEAAABwIAIAQu4Pf+nA/jB2AwAQhACAEEub29ou5cx+anVYuwIA8CMAILRWt4mtbxefmlY3Jqx9AQD4xYa7Azi1Le8w95y/rOJ/f1q4yBPe3gAAfAgACKlWh1J8xcfiyuWwBwAAIgQBACEVH+8vVghjNwAAeTAGAAAAB2IPABBq+7b5SmZy03B25KStqFHLKuzf6qsyk5r5inu3B7f1NK5YWqv1rqpVQ5LSN+SqrVnbKuzemWu9TVNUEoGXZLT1VwY+OkneOjVKtGQgQhEAgBA78OBprbxW0XXF2ubh7czJmL/r6rdvlCQdfKhma/slxV6+poX9/C/L23kDrXNqlVYAmLfz+hlXS9Jfk651B6o98XYAmPtXi+D11itRADg0sZLd+/jLFnf21f62sGNg0e5kAgBOKQQAILQOjG4yNNE38V2LlW3C2ZmT8c3Fyz85JEnaf1er4eV81XNaLm9nF69oW9B8J+uzvsvft4uX9ymwxZXNCqw+EYceqHlXkl1e03L2+b76Kzqc9KKBSEUAAEJrX71hCf6J3nMWRm0AaLOpYcU5kqSkB2v5t//q9cMCXwBwFzDXyeu4pX7CMqtYyGmkpbDegyl3+1Nai42BDyw0LwmICAQAIMQaJARNtNwcrm6ctLr+DXBik+D6lmtCu97TCt3wl6YGiYFyo9CvDogAnAUAhFhmUHlf3cph60eIHKhVxVcM+deJUXB1aazXW3A135A4hbEHAAit5MEp1/k2XPurfXRlWDuLcHdzAAAgAElEQVRT+g5W+eAaX3lH7cBP9ZTyIVjZzj2BXfIJ/txh7qgcWG+F5JItOta9x1c0avlrzR27/YtOPOWyG5yOAACEVu2t/yzXzNpuJbT8/NIw96YU/R4jKaHlZ/6BeY2/8d/40diaM7FkZ+MdT2XPNH/ZO3KXb0x+y7lLfbWuDSn3lygBuLa9sri9tRcgbtjmBr7qRl+ttUtGxoezq5ZkyUDEIgAAIVZ39AVTq5iSFH9KHV1ekyApXo39FW2CxjdmPfbwmFL/xVxrRNBElSv/7zSr1LFjoDb9f0/cXZJrTrrGj3imkl3u0DAt1S6mpgaaVB70Up0SLBmIWAQAlKG4uHD3IBx2vjptgH0oeXnr37qGtzOlqL8kaVWbBWcW8GTCPU9t7FxAfem5Of7HG/LXJo+ZuDU1f3WRvEPH+rb/6jH3hRcKaDI4blHfEiwZiFgEAITUsteT4vRATvp/W2lEXMzihLbuhAnh7lMZ23XVbf19Q8naLeswv1tYe1PqWq9o91P3AuqTu4R4xcaZCwuqTulilmRp3rZB+yu6fVRQk5gzNpZkyUDEIgAgpFpNMHSvV2Y5aZwhQ6ZZyEDuU9eRATcHJtr/vvQUCwBqu+KXggJA6E/dK2QFJVyvp5DyyS8ZiFQEAIRUQuAc+FK7Mny0yXVIutKpF4AqGZLHzPddUibnBLpD9h3mMb0uvh5xauMsVyDEcm3yd5RoB3WEyd4efG2DHaY0LK6DdHRH0Mn03l2lv96sHVlBUztNaUBcP+nIjuBGJfxOC54tRtJrcYPipPTsPNXAKYQAgNKwfsWGohsd19FlKzOLbhWV/kgPlH/p1j58HSk1hwe9GtgS/3pGJ6mymksb68z213renVaz1Ne7/9q3c/wTP57bWqqumtKfdeYF2hz7o4AZi+GPI4HyclNK1PQk6bvpgf3+3lUlWzIQqQgAOFmHvvtuXrMNW4tueFyZ6x95c853S4tuGHWq6wl/Alhw9orQDo0PsVhrp3i1d5a94rsiz8KzlnWR0rVbarf2oi98Lae/Na1e6a03zlpv7Y++e923k2Heuas6SEd0WOqcdt73vpYZzx4o0bl6VStO9CeApWfcIuXo22NS5/en+5u8+xI3BsKphYNcOCmf74pdmdTHXeCZYCekWr+zNxveztNyzKsqFd06mlQcM3GCfTvguBuj+W7AX+yM2bZInox/x6jqpKHHapmSFHfjmhaS/nNDvKTmGxtPs36iH3txTq3jLOqEzNwfu3FduufYEKnGC/9Mr2Kvd11TSfcNKycpdX1Te73GxkMPl2iwSflRk8b5LgR04+qWUu9F7mXSaW9deMS+sFDmhCW1T/7FABGEAIASS97wbvkRu3MuqBZfKourXVvaptiP72/oGloqC4wUKWP2+g78b2oYzo6cpPYt5brBI69LUtXnDtq1GxtJUgtrotHfvkMD/UrvAEDnHJ1jeKyL9Vefdsiuta7WZ5/y32SL79BAj6olHGyafPce36e0obGkBtbVAGvN9u8YuKr0j2kAYUUAQEnF3FJvq3T/X8pOL+RGKicsPkWVd/4gvTGolBYYGSqU5NJ0kSfXLv2qBV8WtxR3+/vVD56oVq3oNiWTUvCli2vUKLAaOAUQAFBSnqltz+hg/rbcW3ojSUzT9XOPTtnl5z5RWksEABSMAIASO9bVlAbdGPPWF109pbB39NiR+Co353hXt5T2R/e5cp49FZKK1XC7K6WE964LtT2qXvoLNXe6KpQr+Kn9OWWxfz3jULXS/MZLP+Ll5gCIZgQAnJzXpfs/WXfnH/FNTm45R7d8sKvZy/8unU6F0+YjMeuuWNOiWG2n7Eu4xa02RTcsU0e2KL7F9AKus3+y3FPXt+7jyfd6MzYovsVzd5T++vLZcfazbT1JJ/mXavOsjn0tq+q4UlkWEB4EAJy0ZiPVbmXNk/xazVzRtkR3cYso6QsUd977Mea6psVrPy7961VxV3yeULt1aPt1Iua4Fuw5xxO4x28pintg/9y0+L7fuxsG3p9FB2PSlvZ1z7g6BOvLp/GCxatdV83LVteT/FNL2x6z44V7z7w4QvffAMVDAEBp6HnSS6jWvxS6EU5x+lBb0q/0LO1YdFu/5KulTQfSr3/InX11ITvHy06c1i6J1ZhP/tGsfKhWUaWftPbYzhE3ubNujE86+mlc3FXLPd1vLLMTPxs2lJYq5uvfWmQOjCvZl19t85342IeeT6n0camd5wiECQEAKA0JzzYbLvWO82jGCQ5gSIjJXHW1tKZKmHcDuCan/PK+pFnuHHeRjU9CouvArFnSXzG/PjxJ0uceuXOKnKkUlVPMgs+l/TsWbirB64zfMWGcpK/LmZ7sQpocfPFkugeUHQIASsqbXnSbki76UNFtIozreUlPjsgysr06gQRgSEowHl7SVRNVJnvBj9OVPcMlZbq8nhydyEs4sZVIStSkORdqrLRY2tAgx8xW6NZXUAdc8XFT/qPhmtK/BMEj8aFx0m+n55hZKqzX0T2CFU5CAEBJ1b8vZIuu9kzIFh0qGX8205EKj8fu2FXNOJEb/nkUU/9w7L6fukuNQta54vXk4QekexOr73lngCd0t73xKMaok7VvZRu5h7yij5pU2zvkeU8Z3mbH9Lo2Nam7bW9V/f1NyY7gm5p/RlVP4o6y7DUQEgQAoFR4pBRT+nSY+euyrGKeBrgj7tc+A929X/cvIaw8kh5/XHuGfj1tZQ1XwRfcOSnmzvgv/zkwe7w1dN7jlq42pf4DYqf92tgsi+vtZBxKuD4pyTOnlyR5SvxL/WxTuqV/7PRZZ+ZwcWBEMwIAUJr69tWkqZn9WhWr8Usp5p/NQtyhE1b9/3Tbl95aN5X+kt0vlze35Ttz/j1p+Jwfyg0r/fXls+29xN4jS2dRr0njPl595OHSWRoQFgQAoJQVfxMTqZuPHj1Csti4hwp5onMZ3SKx6QOlurRRpbk0oOxxO2AAAByIAABEiL/Du3rvkaLblCZzd9muLy9vRnjXD4QdAQCIEGE+97FKGR+QSHivbNeXV4PbSjRb9J2hChSGAABEiDBfCdlVxte1NUJ2vcHiiSnZpRej/nrVgB8BAAAAByIAAADgQAQAAAAciAAAAIADEQAAAHAgAgAAAA5EAAAAwIEIAAAAOBABAAAAByIAAADgQAQAAAAciAAAAIADEQAAAHAgAgAAAA5EAAAAwIEIAAAAOBABAAAAByIAAADgQAQAAAAciAAAAIADEQAAAHAgAgAAAA5EAAAAwIEIAAAAOBABAAAAByIAAADgQLHh7gBwKpt4r+9fbE//GEmS56n2gad3/MsITBzrN7zsOgbA8QgAQMjMvEqj7eKhGu9fK0la3GFVa3+DzH6Dw9AtABCHAICQ8X5y1b5bvFb5UCV7+6/Tf2uTFmjDPyCAcOH7BwiRXQvXVzliFXdW+uBaX3XX+cEJAADChEMAQIjUfsRfHP5/1wTquy1oY4ahOwCQC3sAgNBzXRc8dWagSAIHEC58/wBlwF3wf5px8zaPXTTjxpRddwCAAACEUb19/oMBCSneseHsCgCnIQAA4RNbJVA2DZEAAJQdxgAAESJ7X7h7AMBJCABAhMgyim4DAKWFAAAAgAMxBgAoA/n+0bbNi3dfExOOrgCAJPYAAGXBfCx4apakvzPX9PeGqTcAIPYAAGXhrcSYkf6Jzy/fKal1sqRt5/9fB399AtcHBFCGCABACBnWPrYE0/Dea1d90WdXDSnudEmqO71j4N6A8RPKvn8AnIsAAIRIziEj/sCeWLNcsqScuPhBbkkxv1y2tYakztbP/dMXtllZ1ytJ8RUmcBkAAGWIAACEyN7JSbp4ijfnwh6SYvc/N9mq/rNucKMuP35kn/33yOgy7h8AZyMAACFSO9fIv8oPFtyqR4+y6AsA5MVZAAAAOBABAAAAByIAACX0Wu9LJpfh6pZemppRhqsDcKpjDABQQoMGeWPv1C9nmYakkF7H3zQMSUs6hXIdAJyGAACUkKEYU2tHu2LfP5YVeyRUl/U9EPfFgH7ZDxUyhBAASooAABRt69HCfuHHPqty7ydJ+tbwlP56E2JXp0qzW3rMtYW28aSW/noBOAABACjaxs2F/MB3xStumKR7jN/3huDS/nHuP14drN4v1TC92YW1ySAAACgJAgBQtHPOKeSJY98qZst8w9t0frumoVjxdVdntUx8y4zxNmIAAIDSRQAASuqDP2PWNrnevbqlpCx3iFaS0EMN9xoZnR7P0bCUEK0DgBMRAIASeuum3YaSy4V+RdWrS3sU+0KFjMTQrwyAU3AdAKCEbvRUr1atDLb/kqRq1Srd72b7D6D0sAcAKKEyT8+hOtMQgCOxBwAoDW4z3D0AgBNCAABKQ/uqIVnsjJAsFQA4BACUjnahWezVoVksALAHAAAAJyIAAADgQAQAAAAciAAAAIADEQAAAHAgAgAAAA5EAAAAwIEIAAAAOBABAAAAByIAAADgQAQAAAAciAAAAIADEQAAAHAgAgAAAA5EAAAAwIEIAAAAOBABAAAAByIAAADgQAQAAAAciAAAAIADEQAAAHAgAgAAAA5EAAAAwIEIAAAAOBABAAAAByIAAADgQAQAAAAciAAAAIADFS8AxIa4FwAAoJQUb6NdvFbTVrtPpisAAKCMxC4uXrNitZo792S6AgAAIkxRhwC8ZdILAABQmjxFNShqD0C1CclTVpdSZwAAQFlodVODItuYRbqkDHoKAABKzSVFb90Ns8ilLMw0yqCvAACgdJiJXYtsU4wAAAAATjVcCAgAAAciAAAA4EAEAAAAHIgAAACAAxEAAABwIAIAAAAORAAAAMCBCAAAADgQAQAAAAciAAAA4EAEAAAAHIgAAACAAxEAAABwIAIAAAAORAAAAMCBCAAAADgQAQAAAAciAAAA4EAEAAAAHIgAAACAAxEAAABwIAIAAAAORAAAAMCBCACIRGbWm4ZhGMYrkqSjWW8bhmHck+2WpI2GYRiGMTI7R+ONs+wZ0oyfJOsJY3+GJA0x7KeOrbWqc7Kku3yV2m7Mkn8OwzBmHq872VkdDMN4O9MjKfNLwzAMr7XozYZhGH8fk6Qst2EYxle55vvKMA5ZJcMYJ0k6bBg/v2cYHl/tm5KkLYZhBFVOlST9bRi/+xaUsc/qpbQs0GVDOwxjkdXgDcOQNNt+4vvMo5I00zDs13vYML6UpGNLDcMwjMut7uv3wCqusWc9kp5l13iyJxqGYRif2x/JI/4eHjEM41f/izQM45vgF535kWEYhvGsKUlHs2YahmH82/rotNwwjF2+hrsMw9ic6/0a6+uvx3jKX/mQkauN7zM7miFJV/k/5eWGYRjGGTnZ0gD/HBuNuQr+lL+Vju30vZWWv6zJ/2S7JR2z2/1XkjL2+lt+Y9cvkrLtojtbeiawmDTD+Mu/IknT7eLyYwIiVWy4OwAU4Pvzr3nMK7lmND1fWtFe/R7zytiWMP36GClGtzb1KvPhJ78/b/zLlQ5WkqSMNu/1kLpvGu6WYquW215JqmIvam91Pe6RlBX//BBV8q/BpQRJY5KNmEUzxscr87TjdWf6zGuuk2vWvzY11NLOPR/zxo666KMKkpLvf0SKrS9TSn/w6f+5XOsumd0zKFT/49XBlUxJUtuV2UfLS3JJZv+Vj/aaZ7c4nFFOUoz017T7uyy1K4/4Kn3/nocqSRddMOcrSZXGJilupK44y6ODcvmblJMkxUvjEg8/ql7S9trSlU+ManCgsiRVbDj1fElbGlqtZz0yVpL2d5I6HawoSaqpDgO8iz5SBQ19LEmSvJ/0sxr3WdVakj69X7pwjv3eSWftqGU9vdtar98vZ1uPdzW7VFrTypp49dUp/4qT1dtapt3yb+tFBqmkjr5isr8yRXm0v8Etxaac81lFye6Etp5mfcpH4t/6p2r4m8YoTtK9FRXz86z/uZRZW0rWE27J9G+XXRrU3CtjV8LrN8TL0FVneCR3S0lqv+4Jt6SDkuJ1byVTOlZFMtS3m0fKiRs7OumuxWm+xcRrWX2pyzVuyRsvKVEPJkqK6aCtdfO+ACBCEAAQgb4b+U6P0ySpf5ak9pf1715f0pFyA2OujpN0y5mSmThm7enlX7rq2fGS9FvnVEnZZ42UpJaXP/aYf1FbGupna5NUt6PymSjpgxlj4oroT7srK0vaGrv0NFfna//XTKoz8NV7JL3bX5I69d7QRF8+PXmYtD2u996qQTP6NjMbd+qx1gMlxUgeHVZ9SdIf0vDU3lZt1lE1lSStkUa0vlBSrGT/UN8xRB9mtOl4fv9sqeEESSN11Y2FdHV0QmazxNg3v6yzobHUvcOyUVMkrddF50va0FRXX+eW5GksSYrTSE1afL4951kjtaZvrNH/ucp3Vpb0ST893sArKbuaJKmcXh+rv+r7V+Tb6DfNvf4fz9U9XTyScppJaqUbL/NIxt6ht8Vdl5i7pbdL3r7vXPjG7RsbF/LCAnqMlKTT+r98r79qYxMt7CJJ7kbt88/wmKTqs+6XJG3SVxfnefqmHpKOVRjUqb2kfv191Zu3z7os0GhEIFVc+S9JShnRtY/2bt7USJKUveSmqpLOGxmY475yktSza70NRb8kIDxMINJ8oyeCpr5ttNYu7R+vA6a5WT+apmlmPKdVpqn+60zTNDXeNE2z6xVWO00wTXOsTNM015yrxUHLGu//g9+hb+zSO0ovZr9m6qCpydYqXgqq1/WmOUuHrCaHg+f481ItME3TvE2z9ZFpmuZ7um+HuaLi6ctN0zTVa6Z+Nk0zZ6oeP5xWv+0y0zTNumd/qnmmabpf06P7raVMyft/Kr1mmqZp7pSWWjXvSaZpzpOOmKZpmmt66L+maZpX6uI00zT7ablpmivqqsO64MVM17ff+hY9RLdZhY+l+aZpviM9ejSo7a77ldHTepvNo5L0psc0TdNcUl/SXH+zH6Xbd/mnftZ1m0zTNM2sl6W/TdNcJUnzfO+mpL+C+/PWK6bVbdMd9P4+lffF324/TjZN83aZpmmuaqllQS2G++ew/1ZM03xFOfbrzL0082+792laaZrH9Lb/iVFBLedqq6+YrammaZrmPn1lmkvs/pq79LVpmrrLP8eH1t+DaS7TLSYQmRgDgMhzUfvg37cXtmlulyp31Iu+/cdK7KEYacF7iyW9q9sKWdSCeQs7l1q/3Iqfcsl1kqR5b6wMeqKiNr3+aZIknXPns8FzNGuhp6wGvTRzvaT+6lxLbVsu/kSSTj/tHL27Q8q6VWelpDZdOUOSmtc7V+9tl7Jv0ZmVraUE72EvnhbltXSBpGf19Q/SjyvUTtK32zQr1+/1gcrIyDfrBdL/7ZJu0MN3JAdVb5mo7O9VPlBxk/XdMe2v4DdCI3TdhMBv5ft0WkPrFZwtJfhqh1gPV96ea+iAtP6NS6TFC4r5EoPNXbOygB/+BUou7Akjb0XS8RfkkqROsg6gKEH530lLey2dX8y+AWWMAICIM0U/1QpMvaZ3/OULH7vf65+IkaR2em653r7hcJ2g+Z/UYV9xyc1L8+1oLrl4uQY3qylJar9wfdATu7RzZttYSarS7EEzeBaPUiR98bbcmr5NkpQuya0ESW8vlkcv7pcMKVPyKFHS9O8Nt17e56uUJGVKz5xgV9/Xr0sl1ZemLtDiP3dL+ulN7a6Xu9XDF130sMbkrkv+Vc8d1Hg9OKp8cHWifqywT6/9YE9+8ZzukCSlqE1Qq3cW934tcAjkvZ/PHWcXW36g4dbowj+uWjXdqqvVIveat/2Qo60Ll6p4xuqor/jLsLQ2x2sa7IBeKLD+0Gh58tTo6eMt6A5lSdJbX0mS55aJ/yis4fbfFxe3c0DZIgAg4izKNe5rSdBUovWT2JCknW3lkZLW/XJUab4msZL0xMguT/hm2KfgZBCsqMP+BVjSd02C77C8J+hfZ6xmyvA94c09z2HFSNqyW7ITyyP/krREMZJWaL8klxSnty6QlitGUpr2+Cpf9x2sHnyXRnT68IT6mmK/Gcf0+5Fv71Z1STtXqXquNuepYkJCoh7NPadRS3LpYVVKCK7d2k41VEWrd9rT1ZKsDem7E3K94lUqH/QTO03JvhARW13vWQ1rpmulJN2hI3m2uJrXSLWVZ6RAAWIl6f6J1/iTy+4T+JRf1R1NPsm/PHelTz9v71+4JOnp1Lubf1DQkmIlyXjnmb6Sjm63Yt1HVRNyzx1Qm5FWiFQEAEScuMKnrF/XGVnHMnbW1u+tJSXFdDeesH90J8wwDMP4/uyF/va+7fILhmEYL0mBU8KqnXC3Fp1e8P7jMROvLXym11tPHSczR2Z2Qx3z72c2NfINmR59llNL6VK8XJIOaPRUmR7NzqmtdCk26J/z6RF9fr/WmJ9Z8DqOJ7Gpsg5ZuxLy/q9756myNHJo3szilaSGeWoPq0qslC3fOYIZg8bKK5kHZGYFNYuVWciUf3HHvpbXlLyb2kzK/Xr+OC9Zch2+Nc/mOb/nDMMwll8f2Dj7PuVHDMMwpkuG/1MuYAC+6a54p/Fb8A77cwzDiLty1qWSpAGB0wDTzKQHjJ/sTtb0nQYo3WQYhnHNM3dKUmKT2z6RdNQ+FDAp9ymG1gqLej1AuJBNEX0ulKQJvTpIUp2NQz+73WOdTWbWHZYTO+WxAg4HtxwX7x6XJEmP50iSXIcfy9/qeLbu6Trun/XyVefseW/7fY8W0N4nTZU08055kn+pc1FaapvVvn3V5fXcs1Kd2W267KilTg2symS9NEmqNSf1jG111L5hYClPaczBl7prdcsT67RkLKl4uW7N+1NbknSNht8oyaugTWlhDrfW100kt25qcJ5ddVTn/Kwv77i9wGUf35ONb9cDX07OXend3rOqJLcOZCUUOJdfuxtyYu97soC3osP4uMwJiVLgU97/ZP5WMUu3vDFg47rAaIibm3ti3nrPXumVZ7glj73wZVunDFlpvemjKnmljMqSdHk3d9y9U6wtfsySSuUkVbrzeknS6f3cknniYzaAsCAAIMKlB09Yv2LHtvF4K/lO0ao/9LOJ9tnk2WeNki7uYJ/2J0ke+y/8/PPltQ5Hj7Kf2XdiAWBDUy3plL/a/Pj6/06ueLwZ379u4/5yetqlTClGOQP6SJKeG7r2aIqmSpmSS7quhyS9MOTPo+X1iq/ymnODl/PI7m7fvd1qTYsCVlGIbElSzMMPanyB49lqaVtajuJ2KWtrrmBjn36Y6wz9OGllosdIl9Z2sXeD9H025u8q6zUxJvcv3OD9DJlBC4kJ/BR+dfDWAzn7NCx3dw5c8HLGMrn2aVDqGcd/YeeMknq1Who4q9P3KV9yiTImSDL9n/L2AgKA1GD8FTc0C3R7UHcpqe9b1uCOa/oHt6z3UL9bW5mSdHdgaONV/5LaVtpshbYsrT6rwjpZH6t63qt8DPuTACIOhwAQcQ5rYdDUUP3mL2+2hlNdct2AgYFTtN3KCRSl9iO6/+J/rt2/P/P9Qs3zLZyjE5HWdK69/bc3aXFyS9JbU34YX1EKbIPyRepr9fzP5TTIUPX/p8QVa+094bfpgT8SdIvU8GGVm28tS7dp/MpE3So1+J8Sf807Jq3GwIf6+7YzRVuoPtYIguQbfK81R5od/JLWaEabjh3bzNBn7wbP6f1KT9bSJi3dEFT5mXRLu44dzpb+s9muOq/Sj9M236ngAwBSujYsC0wNTF3jm9o3T9N9P+xv0SNL576Sp8Pml/pPaseO7XupyFEAHkldBnZa5K84feCnvmKej7WwT7nD+/olV6Pbvxm7VZLsjyKg7Zv6Kc+S3JL+oevWSJIqvHrXWg1p1UsFzi1JX3a6tLBXAoQXAQARZ6KeD5pqnxwYAf/Hqz/EqOCv2YC79IC/XOf0W/Od3lUCq9rM62lt/5c/a204Jt95nqQpN79zrjWwru3jLx6TpJVv/pBvhd/NUo5Uvoc+GKzdVlWO9NkcuaWqZ2pad3s8e4406zu5pSpnafpZOpJ3OQ1bq2HuGtM/RCJP7vj5DNVuZhX9b9YFI3RBUJMv58asS0tLS1uX59S4Sf/WmRW1WtN+D6q8Xk+uTUtL++ProM3zIpVP0EfBlz2SRnReEXRN5TZN1s+wi7vHqZdvd4AxR4lJynO6n+ef49ampaWlrf5Eb+/L+8oLMFEv+sv1O/6zGHPk0uaM+3NNx3w1dX3BLVv1ubmg6iW//SRJSuyhRNVcfZxVXdq6+XGeBcKIAICIU1/TPw+aTH9/ll3a+JSKcbpXvf1zP/JPDPjvLXapiAPLx7Oy7S/n2MV2sn7TPlC3qvTq4MM17foKLa2RiFt+a5dv9ueflikpU6N+k71BNKWJr8uUlKEhunSMr/LRqXblUPUe51/AZwesR1eun/CSanyvBw5K0h/Pal1Q/fw+Ur6d31WrSGO+8E8my9M0NTU1telOTflZ8g1QfOg+Te4itZSmj9gZNHfN5qmpqa0u+lr3HbRrmmrmk2qRe8RmvTX6btQK/+RSvf+9JOnIWH3ne6tktNFLbyrPSI1YVW2empqa2rLPx0/n3qtQsPo73gy8ln9f79vnX+zD767cKcN18TfDtxbSckNBtZ2WDbYSUtMPH35o+p7CVzSlkPMOgfAjACDyZJl9Gv8uSX99JClblzdZIkk7msz9vepxZ7RUVj9/AkhKfLOzdTq3q+TDsQ8Gfnl7NWS2pHaD7pH0S9AZipkqL2l5n1WV88y8W9KK6pLOnCmpglWZsk7S33GSLn9JSrBOlkveIGlLgqRLp0jx5SXp5naTpD0tetyqdXV7jsk7YN9VXZ/0Pr9nz96Xzldtqypeh43eFx6UO98l9HX/ZXr0sgt69uzZs8MUfTnEt/e+ppbvlqRYaXbqheM1bli8pF369JmLzu/Zs2fPhHXqp0cGWo1raIZ/Z/i+H175trV/6Ua7DyUd1YJJl/Xu2bNnz0Y/SFu1vlfvckeGdu/xscB1AnkAAAQqSURBVKoFvmtq/P7OzPXlcneuwvCh9muqorpHXUWPTqqly/x3XkqOndRhiiSpXFGf8sNWznl8wYo8T9RYcdpuBe9KecJqOflTUyrghMLa6rRSkmJrzhgv3zklwb2Ol6QvWwy2/kgKu1IVEEYMAkTkic/sblp73FvW7qa4rG7G6ZKknk93kGTm+Y73+qcP2htfd+we07C3U0891fiDuyWp3+HyuQ8eePPNXzjfeeYHKqWf9w+3dHEjSTJ8p/Vd9LWuzXnXkHR2vjMFE+X7XRor9fK/RPn2ScQELqcf72/qkqyB6H+uPCBV2bPn59ek+h2X5O1868Wjv5OkNmd/kizJtBY65yz3fP/wOzMw+m6WOlSZbXdqb+DXcr2t6aaRoxdflLS6T2drz0MNc/Udy6yNZIz5kf86ebHS4er2IhP93x+mJK08JknmgcuOzvE1ldk5aY4qSBePvyLQUIrz75Dxdc19xH/k5NyPrjal26wt5qP3yRM4edJij+ZIT95rGnZ52rTmLw6WpH4Hk4OHewT+VnyfdpK1tG7d/G3spzrM7XWwhjRggCTp+SEqZ7U8o5Ukr+z9F5sbmPbgjBrrm1o7ZuIl/x0SJk2SJPX7UF7r/kxV6mUmSNK4qUuKe4UjoMwQABCBEhZteCNRcne5VJLiF298rZzk7mwNgSs3PPeP7OrDfVuy2+zj0zmjNizu0mGEXbvx8KPJ0sEnJantcN9c8cN9V8WpNzz3Lenyq3y/veAjcUpa+OfbiYes7/nujaxftd56km644RFPzmVd883sGpVyzBqFX2Nslv8KRQn3JR+1/vkaPJjzSFCl9VrqP5hhNb2ud6p05YxVMVLGf/x3LLw3wT5vUJ2//WRZrLKu7hDc0YxbGwXWnzTaDPzYXrb72STJ0+jGFcsnHPJVbnhwWft2Z9aJkaTD/h6q1Zxv58dJmQMbvzxOvrMP2i79+LGXY0fFVZHk8j9UlXRPOWszWHn+ig8TpJxe3SVpydaXysms6BvxX360mSApebQZbz34RhQ880DgQHn14TEaae0qyWknNR9nvVG+/o6zN7eee5e1b9fNdwLDn3ufTpK8D0rSGb47QSrR/7fSaLgVI+5xpRvS0Qf8QS1huL1XqcLYJ5+PGWXtOMlpKQ117XNJ6aMrSKo61gos6UlyDW9otY8d/WGz2pLOmP+B797FD1ifnqeRVOeBeEkZg5pYz3QenusS0UBEMLhKBQAAzsMYAAAAHIgAAACAAxEAAABwIAIAAAAORAAAAMCBCAAAADgQAQAAAAciAAAA4EAEAAAAHIgAAACAAxEAAABwIAIAAAAORAAAAMCBCAAAADgQAQAAAAciAAAA4EAEAAAAHIgAAACAAxEAAABwIAIAAAAORAAAAMCBCAAAADgQAQAAAAciAAAA4EAEAAAAHOj/A1N0WYrWEVodAAAAAElFTkSuQmCC\" alt=\"\" width=\"832\" height=\"588\"></p>', 1);
INSERT INTO `pytania` (`ID`, `testy_id`, `zawartosc`, `numer`) VALUES
(9, 5, '<p>a</p>', 1),
(10, 6, '<p>sdfadsadas</p>', 1),
(11, 6, '<p>2</p>', 2),
(12, 7, '<p>a</p>', 1),
(13, 8, '<p>ad</p>', 1),
(14, 8, '<p>daad</p>', 2),
(15, 11, '<p>cc</p>', 1),
(16, 11, '<p>ca</p>', 2),
(17, 11, '<p>da</p>', 3),
(18, 11, '<p>asda</p>', 4),
(19, 11, '<p>fds</p>', 1);

-- --------------------------------------------------------

--
-- Struktura tabeli dla tabeli `testy`
--

CREATE TABLE `testy` (
  `ID` int(11) NOT NULL,
  `nazwa` varchar(100) NOT NULL,
  `Kategorie_id` int(11) NOT NULL,
  `konta_ID` int(100) NOT NULL,
  `ocena_id` int(11) NOT NULL
) ENGINE=InnoDB DEFAULT CHARSET=utf8mb4 COLLATE=utf8mb4_polish_ci;

--
-- Dumping data for table `testy`
--

INSERT INTO `testy` (`ID`, `nazwa`, `Kategorie_id`, `konta_ID`, `ocena_id`) VALUES
(1, 'Nowy test #2', 4, 5, 1),
(2, 'Przykładowy test', 4, 5, 2),
(3, 'Nowy test #1', 4, 5, 3),
(4, 'Nowy test #3', 4, 5, 4),
(5, 'Nowy test #4', 0, 5, 5),
(6, 'asdas', 6, 4, 6),
(7, 'Nowy test #1', 0, 4, 7),
(8, 'Nowy test #5', 1, 5, 8),
(9, 'Nowy test #6', 0, 5, 9),
(10, 'Nowy test #7', 0, 5, 10),
(11, 'sadfsadasfdsaf', 2, 5, 11);

-- --------------------------------------------------------

--
-- Struktura tabeli dla tabeli `wynik`
--

CREATE TABLE `wynik` (
  `ID` int(11) NOT NULL,
  `zdajacy_ID` int(11) NOT NULL,
  `testy_id` int(11) NOT NULL,
  `wynik_pkt` int(11) NOT NULL,
  `wynik_%` int(11) NOT NULL,
  `zdane` int(11) NOT NULL
) ENGINE=InnoDB DEFAULT CHARSET=utf8mb4 COLLATE=utf8mb4_polish_ci;

--
-- Dumping data for table `wynik`
--

INSERT INTO `wynik` (`ID`, `zdajacy_ID`, `testy_id`, `wynik_pkt`, `wynik_%`, `zdane`) VALUES
(14, 3, 1, 3, 75, 1),
(15, 3, 4, 1, 100, 1),
(16, 3, 2, 5, 84, 1);

--
-- Indeksy dla zrzutów tabel
--

--
-- Indeksy dla tabeli `kategorie`
--
ALTER TABLE `kategorie`
  ADD PRIMARY KEY (`ID`);

--
-- Indeksy dla tabeli `konta`
--
ALTER TABLE `konta`
  ADD PRIMARY KEY (`ID`),
  ADD UNIQUE KEY `e-mail` (`e-mail`);

--
-- Indeksy dla tabeli `ocena`
--
ALTER TABLE `ocena`
  ADD PRIMARY KEY (`ID`);

--
-- Indeksy dla tabeli `odpowiadanie`
--
ALTER TABLE `odpowiadanie`
  ADD PRIMARY KEY (`ID`);

--
-- Indeksy dla tabeli `odpowiedzi`
--
ALTER TABLE `odpowiedzi`
  ADD PRIMARY KEY (`ID`);

--
-- Indeksy dla tabeli `pytania`
--
ALTER TABLE `pytania`
  ADD PRIMARY KEY (`ID`);

--
-- Indeksy dla tabeli `testy`
--
ALTER TABLE `testy`
  ADD PRIMARY KEY (`ID`);

--
-- Indeksy dla tabeli `wynik`
--
ALTER TABLE `wynik`
  ADD PRIMARY KEY (`ID`);

--
-- AUTO_INCREMENT for dumped tables
--

--
-- AUTO_INCREMENT for table `kategorie`
--
ALTER TABLE `kategorie`
  MODIFY `ID` int(11) NOT NULL AUTO_INCREMENT, AUTO_INCREMENT=9;

--
-- AUTO_INCREMENT for table `konta`
--
ALTER TABLE `konta`
  MODIFY `ID` int(11) NOT NULL AUTO_INCREMENT, AUTO_INCREMENT=7;

--
-- AUTO_INCREMENT for table `odpowiadanie`
--
ALTER TABLE `odpowiadanie`
  MODIFY `ID` int(11) NOT NULL AUTO_INCREMENT, AUTO_INCREMENT=330;

--
-- AUTO_INCREMENT for table `wynik`
--
ALTER TABLE `wynik`
  MODIFY `ID` int(11) NOT NULL AUTO_INCREMENT, AUTO_INCREMENT=17;
COMMIT;

/*!40101 SET CHARACTER_SET_CLIENT=@OLD_CHARACTER_SET_CLIENT */;
/*!40101 SET CHARACTER_SET_RESULTS=@OLD_CHARACTER_SET_RESULTS */;
/*!40101 SET COLLATION_CONNECTION=@OLD_COLLATION_CONNECTION */;
